"date","asset_id","return"
2020-01-01,"Asset 1",0.0117505522308984
2020-01-02,"Asset 1",-0.00460524781143012
2020-01-03,"Asset 1",-0.0100892408821123
2020-01-06,"Asset 1",0.0057060120278458
2020-01-07,"Asset 1",0.0107154154501568
2020-01-08,"Asset 1",-0.00502186777044998
2020-01-09,"Asset 1",0.00169415452501905
2020-01-10,"Asset 1",-0.003000955986268
2020-01-13,"Asset 1",0.003684703004219
2020-01-14,"Asset 1",0.00925374106162813
2020-01-15,"Asset 1",0.00266744671164269
2020-01-16,"Asset 1",0.0119789787758885
2020-01-17,"Asset 1",0.00204025412910243
2020-01-20,"Asset 1",0.00017439249122357
2020-01-21,"Asset 1",0.00714870598427233
2020-01-22,"Asset 1",-0.00295870938315976
2020-01-23,"Asset 1",-0.00143175861071541
2020-01-24,"Asset 1",0.00519104998772641
2020-01-27,"Asset 1",-0.00226503423228434
2020-01-28,"Asset 1",0.0112868565627044
2020-01-29,"Asset 1",0.00807201442847863
2020-01-30,"Asset 1",-0.00452539104814937
2020-01-31,"Asset 1",0.00147534155969316
2020-02-03,"Asset 1",0.0130293987902746
2020-02-04,"Asset 1",0.00406756077975814
2020-02-05,"Asset 1",-0.00590516388493566
2020-02-06,"Asset 1",-0.00634013275348922
2020-02-07,"Asset 1",-0.00826296623063628
2020-02-10,"Asset 1",0.00651314287782369
2020-02-11,"Asset 1",0.00011229105295131
2020-02-12,"Asset 1",-0.00116913335458899
2020-02-13,"Asset 1",0.00534811805549342
2020-02-14,"Asset 1",0.00586171446076731
2020-02-17,"Asset 1",0.0041731110672514
2020-02-18,"Asset 1",0.00425575623527111
2020-02-19,"Asset 1",0.0101445163956179
2020-02-20,"Asset 1",0.00107913787190259
2020-02-21,"Asset 1",-0.0613939068452538
2020-02-24,"Asset 1",0.00353105280697645
2020-02-25,"Asset 1",0.0218293049957981
2020-02-26,"Asset 1",-0.0413940630200662
2020-02-27,"Asset 1",0.00939131381732678
2020-02-28,"Asset 1",0.0028278747600153
2020-03-02,"Asset 1",-0.0112978819495558
2020-03-03,"Asset 1",0.00917624540275553
2020-03-04,"Asset 1",0.00100930281539217
2020-03-05,"Asset 1",-0.0484930894426137
2020-03-06,"Asset 1",0.00248435908757153
2020-03-09,"Asset 1",-0.000519065795584191
2020-03-10,"Asset 1",0.00611001816502672
2020-03-11,"Asset 1",0.00553605854782685
2020-03-12,"Asset 1",0.0036099993308641
2020-03-13,"Asset 1",-0.00440024758724978
2020-03-16,"Asset 1",0.00783976214758316
2020-03-17,"Asset 1",0.00127093476515425
2020-03-18,"Asset 1",-0.0641025091386596
2020-03-19,"Asset 1",-0.00476082899172035
2020-03-20,"Asset 1",0.0021652868686535
2020-03-23,"Asset 1",-0.00446147099124166
2020-03-24,"Asset 1",0.00140126437245933
2020-03-25,"Asset 1",-0.0031434088221611
2020-03-26,"Asset 1",0.00340404529180283
2020-03-27,"Asset 1",0.00136027581238799
2020-03-30,"Asset 1",-0.00626989866107962
2020-03-31,"Asset 1",-0.00101168915518908
2020-04-01,"Asset 1",-0.00235105055650645
2020-04-02,"Asset 1",0.00293435049184549
2020-04-03,"Asset 1",0.00611855127025961
2020-04-06,"Asset 1",0.00721999723765579
2020-04-07,"Asset 1",0.0147668155790839
2020-04-08,"Asset 1",0.00388407755836996
2020-04-09,"Asset 1",-0.00810204261887457
2020-04-10,"Asset 1",0.0154817439715195
2020-04-13,"Asset 1",0.00425353011676514
2020-04-14,"Asset 1",0.00608920339349466
2020-04-15,"Asset 1",0.00284729373743105
2020-04-16,"Asset 1",0.00741444372338645
2020-04-17,"Asset 1",0.00174809970224443
2020-04-20,"Asset 1",0.01096612758922
2020-04-21,"Asset 1",0.0113835748802015
2020-04-22,"Asset 1",0.00240370667707017
2020-04-23,"Asset 1",-0.0337626836862316
2020-04-24,"Asset 1",0.0129237099663729
2020-04-27,"Asset 1",0.00724716021345144
2020-04-28,"Asset 1",0.00193398199382426
2020-04-29,"Asset 1",0.00176800420392226
2020-04-30,"Asset 1",0.00152539167487455
2020-05-01,"Asset 1",0.00439409893886395
2020-05-04,"Asset 1",0.00860639709784083
2020-05-05,"Asset 1",-0.00418000045411868
2020-05-06,"Asset 1",0.00224644088175311
2020-05-07,"Asset 1",-0.00113380998573136
2020-05-08,"Asset 1",0.00243260028325685
2020-05-11,"Asset 1",-0.000880745429921919
2020-05-12,"Asset 1",0.0118969956125843
2020-05-13,"Asset 1",-0.00324607961318598
2020-05-14,"Asset 1",0.0103180519539954
2020-05-15,"Asset 1",-0.00403014444755095
2020-05-18,"Asset 1",-0.0106958887520502
2020-05-19,"Asset 1",-0.00264802197595453
2020-05-20,"Asset 1",-0.00198073948093851
2020-05-21,"Asset 1",-0.000302584856021402
2020-05-22,"Asset 1",0.00640586515590996
2020-05-25,"Asset 1",-0.00667948973312196
2020-05-26,"Asset 1",-0.0424358817796946
2020-05-27,"Asset 1",0.000553207013597233
2020-05-28,"Asset 1",0.00021695554667399
2020-05-29,"Asset 1",-0.0414178047786785
2020-06-01,"Asset 1",-0.0111657153823487
2020-06-02,"Asset 1",0.0120470480171469
2020-06-03,"Asset 1",0.00767712889840447
2020-06-04,"Asset 1",-0.00118927598360138
2020-06-05,"Asset 1",0.00451092879830453
2020-06-08,"Asset 1",0.00953792965568369
2020-06-09,"Asset 1",-0.00589835418278942
2020-06-10,"Asset 1",0.00794382169724425
2020-06-11,"Asset 1",0.00922407517888789
2020-06-12,"Asset 1",-0.00146672849749571
2020-06-15,"Asset 1",0.0142471794463583
2020-06-16,"Asset 1",-0.00822086893365791
2020-06-17,"Asset 1",-0.0536365210808645
2020-06-18,"Asset 1",0.00718473537153652
2020-06-19,"Asset 1",0.00763579197779099
2020-06-22,"Asset 1",-0.00223852600179955
2020-06-23,"Asset 1",0.015590131854151
2020-06-24,"Asset 1",0.00186968291954491
2020-06-25,"Asset 1",0.00461976798899106
2020-06-26,"Asset 1",0.00484172263493004
2020-06-29,"Asset 1",0.00143470175392929
2020-06-30,"Asset 1",-0.00133451370478695
2020-07-01,"Asset 1",0.00416153972682295
2020-07-02,"Asset 1",-0.00534761147371182
2020-07-03,"Asset 1",0.00347810704332881
2020-07-06,"Asset 1",0.00692391625411928
2020-07-07,"Asset 1",-0.0135377091716514
2020-07-08,"Asset 1",-0.00244483487560283
2020-07-09,"Asset 1",0.00173515969763807
2020-07-10,"Asset 1",-0.0733386630117556
2020-07-13,"Asset 1",0.000781806162766207
2020-07-14,"Asset 1",0.00722299691124306
2020-07-15,"Asset 1",-0.00473642152814481
2020-07-16,"Asset 1",-0.00351713581932711
2020-07-17,"Asset 1",0.00336544020820743
2020-07-20,"Asset 1",0.00367634966944554
2020-07-21,"Asset 1",0.00367519662495808
2020-07-22,"Asset 1",-0.0660042426556561
2020-07-23,"Asset 1",0.00657892172123811
2020-07-24,"Asset 1",-0.0025063870088248
2020-07-27,"Asset 1",0.00637002635569082
2020-07-28,"Asset 1",-0.0064966281596278
2020-07-29,"Asset 1",0.000138041483526188
2020-07-30,"Asset 1",0.0137362600901609
2020-07-31,"Asset 1",0.00231726758202464
2020-08-03,"Asset 1",0.00183853184085079
2020-08-04,"Asset 1",0.0170908680302694
2020-08-05,"Asset 1",0.011066686605451
2020-08-06,"Asset 1",0.0140146085627997
2020-08-07,"Asset 1",-0.00830295477878218
2020-08-10,"Asset 1",-0.00136725245472441
2020-08-11,"Asset 1",0.00227299942684718
2020-08-12,"Asset 1",0.00103638697512838
2020-08-13,"Asset 1",0.0114378283864988
2020-08-14,"Asset 1",0.0136558743986072
2020-08-17,"Asset 1",-0.00239908183614693
2020-08-18,"Asset 1",0.00231757300243225
2020-08-19,"Asset 1",0.010296442636707
2020-08-20,"Asset 1",0.00748387078944369
2020-08-21,"Asset 1",-0.00401031150682649
2020-08-24,"Asset 1",-0.00993184715687486
2020-08-25,"Asset 1",0.00449413981194585
2020-08-26,"Asset 1",0.00340863137353201
2020-08-27,"Asset 1",-0.00322501001885016
2020-08-28,"Asset 1",0.00296324182971977
2020-08-31,"Asset 1",0.00155059359048628
2020-09-01,"Asset 1",0.00797079274638354
2020-09-02,"Asset 1",0.00440730251494267
2020-09-03,"Asset 1",-0.00554423054983792
2020-09-04,"Asset 1",0.00984259321920821
2020-09-07,"Asset 1",-0.00173416047534129
2020-09-08,"Asset 1",-0.00140339449674552
2020-09-09,"Asset 1",-0.06616894916804
2020-09-10,"Asset 1",0.00824002210126365
2020-09-11,"Asset 1",-0.00263696305396269
2020-09-14,"Asset 1",0.0150650638308398
2020-09-15,"Asset 1",0.00457341589036666
2020-09-16,"Asset 1",-0.00172686905017101
2020-09-17,"Asset 1",-0.00152499486215581
2020-09-18,"Asset 1",0.00590475336838137
2020-09-21,"Asset 1",0.00281890717163705
2020-09-22,"Asset 1",0.00383589852197242
2020-09-23,"Asset 1",0.00135623635757062
2020-09-24,"Asset 1",-0.00799269788861943
2020-09-25,"Asset 1",0.00878135885334717
2020-09-28,"Asset 1",-0.00417303142009489
2020-09-29,"Asset 1",0.00446970380894885
2020-09-30,"Asset 1",-0.00660576389537385
2020-10-01,"Asset 1",0.00334960325649007
2020-10-02,"Asset 1",0.00551520276776988
2020-10-05,"Asset 1",-0.0136992121999627
2020-10-06,"Asset 1",0.0071663493136649
2020-10-07,"Asset 1",0.0047847540844831
2020-10-08,"Asset 1",0.00377589278634249
2020-10-09,"Asset 1",0.00134617067881209
2020-10-12,"Asset 1",0.00843011977717563
2020-10-13,"Asset 1",-7.33398912957253e-05
2020-10-14,"Asset 1",0.00970339595046238
2020-10-15,"Asset 1",-0.00108446434523263
2020-10-16,"Asset 1",-0.00710995021622464
2020-10-19,"Asset 1",0.00173182147071489
2020-10-20,"Asset 1",-0.000899762015646959
2020-10-21,"Asset 1",-0.00158896512931734
2020-10-22,"Asset 1",0.00955214577402024
2020-10-23,"Asset 1",-0.00525345236350945
2020-10-26,"Asset 1",-0.000304695505692983
2020-10-27,"Asset 1",0.00758463870266867
2020-10-28,"Asset 1",0.00249985014602522
2020-10-29,"Asset 1",-0.00503363840523706
2020-10-30,"Asset 1",0.0100848473132433
2020-11-02,"Asset 1",-0.00244645169213197
2020-11-03,"Asset 1",0.00353367321993603
2020-11-04,"Asset 1",0.00761572515809747
2020-11-05,"Asset 1",0.0135750435659104
2020-11-06,"Asset 1",0.0039505102950669
2020-11-09,"Asset 1",0.00332258715899348
2020-11-10,"Asset 1",-0.0049083669093576
2020-11-11,"Asset 1",0.00242121476390154
2020-11-12,"Asset 1",0.00465346359820073
2020-11-13,"Asset 1",0.00891891319458905
2020-11-16,"Asset 1",-0.00381724836791821
2020-11-17,"Asset 1",-0.00374538873327977
2020-11-18,"Asset 1",0.0114434251960198
2020-11-19,"Asset 1",0.0126508262935681
2020-11-20,"Asset 1",0.0186688501183828
2020-11-23,"Asset 1",-0.00212354539460425
2020-11-24,"Asset 1",0.00619581266212163
2020-11-25,"Asset 1",-0.0045040860470112
2020-11-26,"Asset 1",-0.0641567202264056
2020-11-27,"Asset 1",0.00671700140235298
2020-11-30,"Asset 1",0.00417791127433225
2020-12-01,"Asset 1",-0.0023810258281839
2020-12-02,"Asset 1",-0.00557897370789861
2020-12-03,"Asset 1",0.00200403103934599
2020-12-04,"Asset 1",-0.00274703122741706
2020-12-07,"Asset 1",0.00166706316794359
2020-12-08,"Asset 1",-0.00109398195500396
2020-12-09,"Asset 1",-0.00110454946465433
2020-12-10,"Asset 1",0.00294156776499773
2020-12-11,"Asset 1",0.00931942931062372
2020-12-14,"Asset 1",0.00655530664755167
2020-12-15,"Asset 1",0.0152642906973346
2020-12-16,"Asset 1",0.00201457250113369
2020-12-17,"Asset 1",0.0043203038492831
2020-12-18,"Asset 1",-0.00213732666577463
2020-12-21,"Asset 1",0.0056856161172609
2020-12-22,"Asset 1",-0.00572201855270959
2020-12-23,"Asset 1",0.000968514674565008
2020-12-24,"Asset 1",-0.0029158182881589
2020-12-25,"Asset 1",-0.00329316196410662
2020-12-28,"Asset 1",0.00520305289122943
2020-12-29,"Asset 1",0.0145721043878129
2020-12-30,"Asset 1",0.00753599908256537
2020-12-31,"Asset 1",0.00666367467115212
2021-01-01,"Asset 1",0.000217933085835614
2021-01-04,"Asset 1",-0.00224076737017732
2021-01-05,"Asset 1",-0.00341979891337617
2021-01-06,"Asset 1",-0.00263975370852311
2021-01-07,"Asset 1",0.00395060225614552
2021-01-08,"Asset 1",-0.0058143395851761
2021-01-11,"Asset 1",0.00359178871122203
2021-01-12,"Asset 1",-0.00722819271754256
2021-01-13,"Asset 1",-0.00604281952409891
2021-01-14,"Asset 1",0.0101722059015462
2021-01-15,"Asset 1",0.000566595402282765
2021-01-18,"Asset 1",-0.00596107755265268
2021-01-19,"Asset 1",-0.00965754499162204
2021-01-20,"Asset 1",-0.000701583342424738
2021-01-21,"Asset 1",-0.0610222513558187
2021-01-22,"Asset 1",-0.00511495057360062
2021-01-25,"Asset 1",0.00554496559022
2021-01-26,"Asset 1",0.0128104272379725
2021-01-27,"Asset 1",-0.00077428709245784
2021-01-28,"Asset 1",0.00829015611499439
2021-01-29,"Asset 1",0.00222786365290027
2021-02-01,"Asset 1",0.00555218189217373
2021-02-02,"Asset 1",-0.00165689399281818
2021-02-03,"Asset 1",-0.00119353976980898
2021-02-04,"Asset 1",-0.0750883075764417
2021-02-05,"Asset 1",-0.00347588852235835
2021-02-08,"Asset 1",-0.000908923639202208
2021-02-09,"Asset 1",0.0029857547892218
2021-02-10,"Asset 1",-0.00355024107200531
2021-02-11,"Asset 1",0.0101223275330976
2021-02-12,"Asset 1",0.0168400751071534
2021-02-15,"Asset 1",0.00151542488049898
2021-02-16,"Asset 1",-0.00657122924574342
2021-02-17,"Asset 1",-0.00334315083223323
2021-02-18,"Asset 1",0.014701734829165
2021-02-19,"Asset 1",0.00228303210784547
2021-02-22,"Asset 1",-0.00430874120719743
2021-02-23,"Asset 1",0.00303659168030978
2021-02-24,"Asset 1",0.00604104436224727
2021-02-25,"Asset 1",0.00425322479165025
2021-02-26,"Asset 1",-0.00400312680125655
2021-03-01,"Asset 1",0.00834886847397241
2021-03-02,"Asset 1",0.0146395875623456
2021-03-03,"Asset 1",0.0138588060151867
2021-03-04,"Asset 1",0.00912119610248622
2021-03-05,"Asset 1",2.25980336591823e-06
2021-03-08,"Asset 1",-0.00857235593139889
2021-03-09,"Asset 1",0.0050944293206164
2021-03-10,"Asset 1",-0.0697446571839042
2021-03-11,"Asset 1",0.00760384791765583
2021-03-12,"Asset 1",0.00346179587441956
2021-03-15,"Asset 1",0.0153736576983032
2021-03-16,"Asset 1",0.00527569872497616
2021-03-17,"Asset 1",0.00347354233551218
2021-03-18,"Asset 1",0.0212437168974293
2021-03-19,"Asset 1",-0.0106131613203208
2021-03-22,"Asset 1",-0.000349716512722185
2021-03-23,"Asset 1",0.0109549189144512
2021-03-24,"Asset 1",0.00642093974803331
2021-03-25,"Asset 1",-0.00255241417383743
2021-03-26,"Asset 1",0.0168766269319394
2021-03-29,"Asset 1",0.00499546364619062
2021-03-30,"Asset 1",0.00956481012519413
2021-03-31,"Asset 1",0.0127104866489156
2021-04-01,"Asset 1",0.00565843845400304
2021-04-02,"Asset 1",-0.00519962523523354
2021-04-05,"Asset 1",0.000356479842689464
2021-04-06,"Asset 1",0.00649683062367803
2021-04-07,"Asset 1",-0.0057648261290141
2021-04-08,"Asset 1",0.00900152940689494
2021-04-09,"Asset 1",-0.00893350934469173
2021-04-12,"Asset 1",-0.0100376360606966
2021-04-13,"Asset 1",0.0108743143790919
2021-04-14,"Asset 1",0.00275633474321211
2021-04-15,"Asset 1",-0.000759353936376223
2021-04-16,"Asset 1",0.00572003415419367
2021-04-19,"Asset 1",0.00385502856786202
2021-04-20,"Asset 1",-0.00502514356673771
2021-04-21,"Asset 1",0.00723763104197538
2021-04-22,"Asset 1",0.000618206636773218
2021-04-23,"Asset 1",0.0052443884026692
2021-04-26,"Asset 1",0.00481383225562851
2021-04-27,"Asset 1",0.00731948730703434
2021-04-28,"Asset 1",-0.0378491954640395
2021-04-29,"Asset 1",0.00406267660079748
2021-04-30,"Asset 1",0.00923038597633403
2021-05-03,"Asset 1",-0.0105535695162923
2021-05-04,"Asset 1",0.0016184210504998
2021-05-05,"Asset 1",-0.00551855836748968
2021-05-06,"Asset 1",0.00164963912000976
2021-05-07,"Asset 1",0.00623898895380417
2021-05-10,"Asset 1",0.00326800342995629
2021-05-11,"Asset 1",0.00179238968793739
2021-05-12,"Asset 1",0.00889178264778501
2021-05-13,"Asset 1",-0.00547551706055375
2021-05-14,"Asset 1",0.0174514493741445
2021-05-17,"Asset 1",0.00457025102992995
2021-05-18,"Asset 1",-0.00173857972027018
2021-05-19,"Asset 1",0.00237652726640478
2021-05-20,"Asset 1",-0.000111890927387667
2021-05-21,"Asset 1",0.0151706973990234
2021-05-24,"Asset 1",0.00370334980339488
2021-05-25,"Asset 1",-0.00596708627373691
2021-05-26,"Asset 1",0.00661753863575052
2021-05-27,"Asset 1",0.00141660951961381
2021-05-28,"Asset 1",0.00646560813634475
2021-05-31,"Asset 1",0.0158696230726181
2021-06-01,"Asset 1",-0.0118006423551576
2021-06-02,"Asset 1",-0.0324967643483642
2021-06-03,"Asset 1",0.0079066936274956
2021-06-04,"Asset 1",-0.0139339358192077
2021-06-07,"Asset 1",0.000964085526127994
2021-06-08,"Asset 1",0.00483749815358701
2021-06-09,"Asset 1",-0.00378598785059842
2021-06-10,"Asset 1",0.00331404767088266
2021-06-11,"Asset 1",0.00435958546101514
2021-06-14,"Asset 1",0.00133341396738191
2021-06-15,"Asset 1",0.00403693923301261
2021-06-16,"Asset 1",0.010626127231557
2021-06-17,"Asset 1",0.00277689774374326
2021-06-18,"Asset 1",0.00526519625451955
2021-06-21,"Asset 1",-0.00124461467860062
2021-06-22,"Asset 1",0.0192646329724456
2021-06-23,"Asset 1",-0.00479627000837521
2021-06-24,"Asset 1",-0.063135380788657
2021-06-25,"Asset 1",-0.0598178078095268
2021-06-28,"Asset 1",0.0106314309914688
2021-06-29,"Asset 1",-0.00464096886126315
2021-06-30,"Asset 1",0.0111231136254469
2021-07-01,"Asset 1",0.00358883203793392
2021-07-02,"Asset 1",0.00367005304208594
2021-07-05,"Asset 1",0.00211289632942087
2021-07-06,"Asset 1",-0.00292395034894109
2021-07-07,"Asset 1",0.00546921489213971
2021-07-08,"Asset 1",-0.00277939849399788
2021-07-09,"Asset 1",0.0143398016868463
2021-07-12,"Asset 1",-0.00571008365637222
2021-07-13,"Asset 1",-0.000776120267304968
2021-07-14,"Asset 1",-0.00208141555187903
2021-07-15,"Asset 1",-0.0663994051812571
2021-07-16,"Asset 1",0.0057914812752085
2021-07-19,"Asset 1",0.00240322279419841
2021-07-20,"Asset 1",0.00864754860568501
2021-07-21,"Asset 1",-0.00098910447060003
2021-07-22,"Asset 1",-0.000379601101612805
2021-07-23,"Asset 1",0.00188114161558013
2021-07-26,"Asset 1",0.00628895369066229
2021-07-27,"Asset 1",-0.0145644264954812
2021-07-28,"Asset 1",-0.0029145269769926
2021-07-29,"Asset 1",0.000618967663278842
2021-07-30,"Asset 1",0.00750476831382178
2021-08-02,"Asset 1",0.0146955744113754
2021-08-03,"Asset 1",-0.00244189466215644
2021-08-04,"Asset 1",0.00602497894126212
2021-08-05,"Asset 1",-0.00694665099001291
2021-08-06,"Asset 1",-0.0075727979293761
2021-08-09,"Asset 1",0.00888974832669034
2021-08-10,"Asset 1",0.0113866401487759
2021-08-11,"Asset 1",0.00753850951333832
2021-08-12,"Asset 1",0.00470254580464184
2021-08-13,"Asset 1",-0.00362547769367257
2021-08-16,"Asset 1",-0.00209965305062235
2021-08-17,"Asset 1",0.00100820894264112
2021-08-18,"Asset 1",0.0068324730761487
2021-08-19,"Asset 1",-0.00279898931128349
2021-08-20,"Asset 1",0.00450681981178531
2021-08-23,"Asset 1",0.00151290046241422
2021-08-24,"Asset 1",0.00634925495488577
2021-08-25,"Asset 1",0.00372266616662753
2021-08-26,"Asset 1",-0.00393850842836291
2021-08-27,"Asset 1",0.011478283623515
2021-08-30,"Asset 1",-0.0090073627624453
2021-08-31,"Asset 1",-0.0632335025170239
2021-09-01,"Asset 1",-0.000609012641446628
2021-09-02,"Asset 1",-0.00561269293313673
2021-09-03,"Asset 1",-0.0539678415495778
2021-09-06,"Asset 1",-0.00839229808191264
2021-09-07,"Asset 1",0.00355948448301844
2021-09-08,"Asset 1",0.00684116264797516
2021-09-09,"Asset 1",0.0104497915932426
2021-09-10,"Asset 1",0.00667141014276097
2021-09-13,"Asset 1",0.00171606545087665
2021-09-14,"Asset 1",0.00482740586361334
2021-09-15,"Asset 1",0.00686751144232342
2021-09-16,"Asset 1",0.0116498619110564
2021-09-17,"Asset 1",0.00801391929386449
2021-09-20,"Asset 1",0.00422948796997169
2021-09-21,"Asset 1",-0.0139970273964569
2021-09-22,"Asset 1",-0.00215532900071733
2021-09-23,"Asset 1",-0.00200756634827577
2021-09-24,"Asset 1",0.00612582265306155
2021-09-27,"Asset 1",0.0075575908293826
2021-09-28,"Asset 1",0.000596506898860801
2021-09-29,"Asset 1",6.585343334882e-05
2021-09-30,"Asset 1",0.00381039873363517
2021-10-01,"Asset 1",-0.070082641800692
2021-10-04,"Asset 1",0.00339450106301087
2021-10-05,"Asset 1",-0.00392427187522604
2021-10-06,"Asset 1",0.00321887581191004
2021-10-07,"Asset 1",-0.000465327132605604
2021-10-08,"Asset 1",-0.0507576483450065
2021-10-11,"Asset 1",0.00697011748844145
2021-10-12,"Asset 1",-0.000385651011564892
2021-10-13,"Asset 1",-0.0556990793836444
2021-10-14,"Asset 1",0.00146256078061909
2021-10-15,"Asset 1",0.00853336439689308
2021-10-18,"Asset 1",0.00927022361340974
2021-10-19,"Asset 1",0.0107868393611008
2021-10-20,"Asset 1",0.0127694837114219
2021-10-21,"Asset 1",0.00696701645730538
2021-10-22,"Asset 1",-0.00304320274222475
2021-10-25,"Asset 1",-0.0017504881892963
2021-10-26,"Asset 1",0.00819831115202856
2021-10-27,"Asset 1",-0.0669474870800074
2021-10-28,"Asset 1",-0.0011689547297433
2021-10-29,"Asset 1",0.00723578543579186
2021-11-01,"Asset 1",-0.00481187563656879
2021-11-02,"Asset 1",-0.00474670305920752
2021-11-03,"Asset 1",0.00967035872613226
2021-11-04,"Asset 1",0.000725267127027866
2021-11-05,"Asset 1",0.0132425226835992
2021-11-08,"Asset 1",-0.00466861084380574
2021-11-09,"Asset 1",-0.000263201997801226
2021-11-10,"Asset 1",0.0081017990340119
2021-11-11,"Asset 1",0.00211786724499704
2021-11-12,"Asset 1",-0.0752680242525784
2021-11-15,"Asset 1",-0.00883762723944382
2021-11-16,"Asset 1",-0.00409670280719405
2021-11-17,"Asset 1",-0.00135119545530828
2021-11-18,"Asset 1",0.00827756178985551
2021-11-19,"Asset 1",0.0157220703215748
2021-11-22,"Asset 1",0.00809094551511355
2021-11-23,"Asset 1",-0.00191914511726895
2021-11-24,"Asset 1",0.00281164265166373
2021-11-25,"Asset 1",-9.79083654396341e-06
2021-11-26,"Asset 1",0.00209192707623279
2021-11-29,"Asset 1",-0.0104039102409494
2021-11-30,"Asset 1",-0.00108484045390064
2021-12-01,"Asset 1",-0.00673718331815965
2021-12-02,"Asset 1",-0.000187819320429476
2021-12-03,"Asset 1",0.00955448999297613
2021-12-06,"Asset 1",-0.00234360244120588
2021-12-07,"Asset 1",0.00753953453940556
2021-12-08,"Asset 1",0.00267916712845062
2021-12-09,"Asset 1",-0.00728172409257404
2021-12-10,"Asset 1",0.010054278435439
2021-12-13,"Asset 1",0.00471820237607243
2021-12-14,"Asset 1",0.00348378187880372
2021-12-15,"Asset 1",0.00611278361630722
2021-12-16,"Asset 1",0.00726455742427475
2021-12-17,"Asset 1",0.00640996492609954
2021-12-20,"Asset 1",-0.00325870781375637
2021-12-21,"Asset 1",0.000553241924091917
2021-12-22,"Asset 1",-0.00221466386371493
2021-12-23,"Asset 1",0.00392547144955053
2021-12-24,"Asset 1",-0.004049825265068
2021-12-27,"Asset 1",5.95795437700774e-05
2021-12-28,"Asset 1",-8.29414006998863e-05
2021-12-29,"Asset 1",0.0105314241360311
2021-12-30,"Asset 1",0.000161444992471988
2021-12-31,"Asset 1",-0.0537003887170572
2022-01-03,"Asset 1",-0.00714338959413894
2022-01-04,"Asset 1",0.0120215226651237
2022-01-05,"Asset 1",-0.000244668923742708
2022-01-06,"Asset 1",0.000460801413953144
2022-01-07,"Asset 1",-0.0063004665636724
2022-01-10,"Asset 1",0.00616286663221811
2022-01-11,"Asset 1",0.00417352226724458
2022-01-12,"Asset 1",0.00755225414375862
2022-01-13,"Asset 1",0.00413924860531774
2022-01-14,"Asset 1",-0.0121199016713502
2022-01-17,"Asset 1",-0.0024958748907148
2022-01-18,"Asset 1",-0.00214486542936275
2022-01-19,"Asset 1",0.00408771736962827
2022-01-20,"Asset 1",-0.0466274367986829
2022-01-21,"Asset 1",0.010325544190769
2022-01-24,"Asset 1",0.00643087992161445
2022-01-25,"Asset 1",0.00539771184129082
2022-01-26,"Asset 1",0.00686909921221574
2022-01-27,"Asset 1",0.016058737471357
2022-01-28,"Asset 1",0.0101972715466427
2022-01-31,"Asset 1",0.00251167074573402
2022-02-01,"Asset 1",0.0058932865857644
2022-02-02,"Asset 1",0.00912690635997781
2022-02-03,"Asset 1",-0.000116181507653821
2022-02-04,"Asset 1",0.00654776945235286
2022-02-07,"Asset 1",-0.0513259638275133
2022-02-08,"Asset 1",0.00192108503486891
2022-02-09,"Asset 1",0.0010650611529143
2022-02-10,"Asset 1",0.0015797030568917
2022-02-11,"Asset 1",-3.68056591598673e-05
2022-02-14,"Asset 1",0.00540419125796219
2022-02-15,"Asset 1",-0.00417768800644294
2022-02-16,"Asset 1",0.00665944016489449
2022-02-17,"Asset 1",0.00628873520623373
2022-02-18,"Asset 1",-0.00208680200836882
2022-02-21,"Asset 1",0.00364321338494898
2022-02-22,"Asset 1",0.0027145550456839
2022-02-23,"Asset 1",0.000378045097603894
2022-02-24,"Asset 1",0.0068210665386285
2022-02-25,"Asset 1",0.013111503677262
2022-02-28,"Asset 1",0.00341152623374129
2022-03-01,"Asset 1",-0.0123025881501179
2022-03-02,"Asset 1",0.00953100088570158
2022-03-03,"Asset 1",-0.0105451644866953
2022-03-04,"Asset 1",0.00968649975880599
2022-03-07,"Asset 1",-0.00589516686606493
2022-03-08,"Asset 1",0.00296951750869151
2022-03-09,"Asset 1",0.000485509576776587
2022-03-10,"Asset 1",-0.00632581068589054
2022-03-11,"Asset 1",-0.00394026418334533
2022-03-14,"Asset 1",0.00212936036559164
2022-03-15,"Asset 1",-0.00402716668638392
2022-03-16,"Asset 1",0.00814911674621371
2022-03-17,"Asset 1",0.000636050506959988
2022-03-18,"Asset 1",-0.00140934706251146
2022-03-21,"Asset 1",0.0037264005452691
2022-03-22,"Asset 1",0.00336130335937628
2022-03-23,"Asset 1",-0.00508949544412574
2022-03-24,"Asset 1",-0.00374008040015732
2022-03-25,"Asset 1",0.00562399725128491
2022-03-28,"Asset 1",0.00130866594590484
2022-03-29,"Asset 1",0.00456754907157074
2022-03-30,"Asset 1",0.0154845578029764
2022-03-31,"Asset 1",0.0056769263495524
2022-04-01,"Asset 1",0.00419918958115226
2022-04-04,"Asset 1",-0.00615920298738797
2022-04-05,"Asset 1",-0.0101178895347457
2022-04-06,"Asset 1",0.00045609024051777
2022-04-07,"Asset 1",0.00430654551049501
2022-04-08,"Asset 1",0.00486828668009092
2022-04-11,"Asset 1",0.00692180554768002
2022-04-12,"Asset 1",0.010672594325063
2022-04-13,"Asset 1",-0.00156040937423785
2022-04-14,"Asset 1",0.00661978816548938
2022-04-15,"Asset 1",0.00470186930523868
2022-04-18,"Asset 1",0.00416992046413074
2022-04-19,"Asset 1",0.0178562493004786
2022-04-20,"Asset 1",-0.00894038765781215
2022-04-21,"Asset 1",0.0126421357231951
2022-04-22,"Asset 1",-0.00234487036313326
2022-04-25,"Asset 1",0.019715823907724
2022-04-26,"Asset 1",0.00867842124152484
2022-04-27,"Asset 1",0.000849769870160866
2022-04-28,"Asset 1",-0.000339374586192146
2022-04-29,"Asset 1",0.00437924583940269
2022-05-02,"Asset 1",0.00464974721437474
2022-05-03,"Asset 1",0.00632891611316829
2022-05-04,"Asset 1",0.0158712279091648
2022-05-05,"Asset 1",0.00977195355981103
2022-05-06,"Asset 1",0.00031882164647602
2022-05-09,"Asset 1",0.0136268585161922
2022-05-10,"Asset 1",0.0167054115562819
2022-05-11,"Asset 1",0.0111218611312857
2022-05-12,"Asset 1",0.0119382337850329
2022-05-13,"Asset 1",-0.0114780685108137
2022-05-16,"Asset 1",0.0195988855945253
2022-05-17,"Asset 1",-0.00192944622708141
2022-05-18,"Asset 1",0.00511193669064096
2022-05-19,"Asset 1",0.00121802548318894
2022-05-20,"Asset 1",0.00683108472793018
2022-05-23,"Asset 1",0.00659397264595277
2022-05-24,"Asset 1",0.0146319637319456
2022-05-25,"Asset 1",0.00246847466697299
2022-05-26,"Asset 1",-0.00375966927511614
2022-05-27,"Asset 1",0.0115828738159896
2022-05-30,"Asset 1",0.00844650288309258
2022-05-31,"Asset 1",0.00364949427350236
2022-06-01,"Asset 1",0.00822537778090433
2022-06-02,"Asset 1",-0.0672677857593362
2022-06-03,"Asset 1",-0.00125316459106402
2022-06-06,"Asset 1",0.00294167445284935
2022-06-07,"Asset 1",0.00738677747187991
2022-06-08,"Asset 1",0.0135742574597585
2022-06-09,"Asset 1",0.0181612221753554
2022-06-10,"Asset 1",0.00678144521961973
2022-06-13,"Asset 1",-0.0511829721166638
2022-06-14,"Asset 1",-0.00539969632634542
2022-06-15,"Asset 1",0.00840638713649035
2022-06-16,"Asset 1",5.84773049039728e-05
2022-06-17,"Asset 1",-0.00541007230656911
2022-06-20,"Asset 1",-0.000991009798663921
2022-06-21,"Asset 1",0.0130694579031522
2022-06-22,"Asset 1",-0.00298303726923893
2022-06-23,"Asset 1",0.00460369525106104
2022-06-24,"Asset 1",-0.00110729300954084
2022-06-27,"Asset 1",0.0109226758025668
2022-06-28,"Asset 1",0.00623224408091225
2022-06-29,"Asset 1",0.0019898041843946
2022-06-30,"Asset 1",0.0155637071661661
2022-07-01,"Asset 1",-0.000891501943902217
2022-07-04,"Asset 1",-0.0021090467582219
2022-07-05,"Asset 1",-0.000412283575428713
2022-07-06,"Asset 1",-0.0019508196036448
2022-07-07,"Asset 1",-0.00673318533564115
2022-07-08,"Asset 1",0.0131265071543774
2022-07-11,"Asset 1",0.0133416295965657
2022-07-12,"Asset 1",0.000508106503580315
2022-07-13,"Asset 1",0.00283624259630925
2022-07-14,"Asset 1",0.00368910582364081
2022-07-15,"Asset 1",0.00639126394125914
2022-07-18,"Asset 1",0.00926309247389684
2022-07-19,"Asset 1",0.000707537737695048
2022-07-20,"Asset 1",0.00198642750903463
2022-07-21,"Asset 1",-0.0010528831921879
2022-07-22,"Asset 1",0.00383218685667903
2022-07-25,"Asset 1",-0.00597885851340165
2022-07-26,"Asset 1",0.0150349507902176
2022-07-27,"Asset 1",-0.000447483850582371
2022-07-28,"Asset 1",-6.74779968638357e-05
2022-07-29,"Asset 1",0.00635946294139357
2022-08-01,"Asset 1",0.00616836316515311
2022-08-02,"Asset 1",0.00985088752131446
2022-08-03,"Asset 1",-0.0019875570475528
2022-08-04,"Asset 1",-0.00243864517197376
2022-08-05,"Asset 1",-0.0115500225965269
2022-08-08,"Asset 1",-0.00228115185643365
2022-08-09,"Asset 1",0.0042524582410049
2022-08-10,"Asset 1",-0.00674642103805154
2022-08-11,"Asset 1",0.00840863650027353
2022-08-12,"Asset 1",-0.0564442862490162
2022-08-15,"Asset 1",-0.000219164999771624
2022-08-16,"Asset 1",-0.0034839526486327
2022-08-17,"Asset 1",-0.00256721594519718
2022-08-18,"Asset 1",0.00927900109214455
2022-08-19,"Asset 1",-0.00808649805470173
2022-08-22,"Asset 1",-0.00389067163320531
2022-08-23,"Asset 1",-0.00199646658160514
2022-08-24,"Asset 1",-0.00373782356932654
2022-08-25,"Asset 1",0.0105736182384833
2022-08-26,"Asset 1",0.00357892403653502
2022-08-29,"Asset 1",-0.00641746373197106
2022-08-30,"Asset 1",0.0071684205688251
2022-08-31,"Asset 1",-0.000517977965464803
2022-09-01,"Asset 1",0.00607308150511403
2022-09-02,"Asset 1",-0.0582989251272086
2022-09-05,"Asset 1",-0.00103109320098559
2022-09-06,"Asset 1",0.00717808453309037
2022-09-07,"Asset 1",0.000797942798910143
2022-09-08,"Asset 1",-0.0197621461396976
2022-09-09,"Asset 1",0.00864195046120895
2022-09-12,"Asset 1",-0.000199824869964569
2022-09-13,"Asset 1",0.00114356276810186
2022-09-14,"Asset 1",-0.0596371819742369
2022-09-15,"Asset 1",0.00212293986781788
2022-09-16,"Asset 1",-0.00184112386833501
2022-09-19,"Asset 1",0.0101116708163732
2022-09-20,"Asset 1",0.0209080995506268
2022-09-21,"Asset 1",0.00380277380339549
2022-09-22,"Asset 1",0.00349944042064143
2022-09-23,"Asset 1",0.00665554533137559
2022-09-26,"Asset 1",0.0146285455501546
2022-09-27,"Asset 1",0.00397176931238855
2022-09-28,"Asset 1",-0.0804030208806329
2022-09-29,"Asset 1",0.00266989436654445
2022-09-30,"Asset 1",0.00898054059454716
2022-10-03,"Asset 1",0.00125780559340651
2022-10-04,"Asset 1",0.0130158814239616
2022-10-05,"Asset 1",-0.00188388037919446
2022-10-06,"Asset 1",0.00522010607868116
2022-10-07,"Asset 1",0.00718456953670769
2022-10-10,"Asset 1",0.00439232831909571
2022-10-11,"Asset 1",-0.00113072540512521
2022-10-12,"Asset 1",-0.00242577438244177
2022-10-13,"Asset 1",0.00387830546943965
2022-10-14,"Asset 1",0.0096992154358647
2022-10-17,"Asset 1",0.00288852546603721
2022-10-18,"Asset 1",0.01306723335608
2022-10-19,"Asset 1",-0.00255155646095401
2022-10-20,"Asset 1",0.00125685694961855
2022-10-21,"Asset 1",-0.00873125018525898
2022-10-24,"Asset 1",0.00092475449341425
2022-10-25,"Asset 1",-0.00416610639287081
2022-10-26,"Asset 1",0.000869454706713249
2022-10-27,"Asset 1",0.00807450706578673
2022-10-28,"Asset 1",-0.00553827997358802
2022-10-31,"Asset 1",0.0127330724468143
2022-11-01,"Asset 1",0.000305567158941812
2022-11-02,"Asset 1",-0.00131379210395951
2022-11-03,"Asset 1",-0.00395452128087203
2022-11-04,"Asset 1",-0.0027148156467157
2022-11-07,"Asset 1",0.00247256633770408
2022-11-08,"Asset 1",0.00252572330857619
2022-11-09,"Asset 1",0.0077061327376925
2022-11-10,"Asset 1",-0.0685489266847102
2022-11-11,"Asset 1",0.00582593223581362
2022-11-14,"Asset 1",0.00363275575193552
2022-11-15,"Asset 1",0.0122964308933156
2022-11-16,"Asset 1",0.00388186268281742
2022-11-17,"Asset 1",-0.000738908669086895
2022-11-18,"Asset 1",-0.065681581711032
2022-11-21,"Asset 1",0.000512687247903446
2022-11-22,"Asset 1",-0.00330604176266202
2022-11-23,"Asset 1",-0.00266626656213097
2022-11-24,"Asset 1",0.00360699530231736
2022-11-25,"Asset 1",0.00880863834687452
2022-11-28,"Asset 1",0.00355693567250258
2022-11-29,"Asset 1",0.00159072897267103
2022-11-30,"Asset 1",0.00337108256116745
2022-12-01,"Asset 1",-0.000632653610071731
2022-12-02,"Asset 1",0.00465880219864964
2022-12-05,"Asset 1",0.00484784397787531
2022-12-06,"Asset 1",0.00512416457856026
2022-12-07,"Asset 1",0.0142401795999033
2022-12-08,"Asset 1",0.010615665024692
2022-12-09,"Asset 1",0.0126712221599577
2022-12-12,"Asset 1",0.00609625654565554
2022-12-13,"Asset 1",0.00143876998354029
2022-12-14,"Asset 1",0.0112657224004206
2022-12-15,"Asset 1",0.00652016178711558
2022-12-16,"Asset 1",0.00225366125118316
2022-12-19,"Asset 1",0.00768694428802148
2022-12-20,"Asset 1",0.00507106835357895
2022-12-21,"Asset 1",-0.000449308246016823
2022-12-22,"Asset 1",0.000903822961287899
2022-12-23,"Asset 1",0.0133446979702612
2022-12-26,"Asset 1",0.00805493712552226
2022-12-27,"Asset 1",-0.00809068501526122
2022-12-28,"Asset 1",0.00807328915737222
2022-12-29,"Asset 1",-0.00259907508560104
2022-12-30,"Asset 1",0.00222747825924828
2023-01-02,"Asset 1",-0.00519855041549328
2023-01-03,"Asset 1",-0.0055563394872797
2023-01-04,"Asset 1",0.00196837653591944
2023-01-05,"Asset 1",0.0137724766289817
2023-01-06,"Asset 1",0.0089754559160629
2023-01-09,"Asset 1",0.0126459203570404
2023-01-10,"Asset 1",0.0103316145046762
2023-01-11,"Asset 1",-0.00154885156408456
2023-01-12,"Asset 1",0.0027003253460866
2023-01-13,"Asset 1",0.00713141921277824
2023-01-16,"Asset 1",0.00627945680707481
2023-01-17,"Asset 1",-0.00129688899525089
2023-01-18,"Asset 1",-0.0136328411118246
2023-01-19,"Asset 1",0.00452560593178328
2023-01-20,"Asset 1",0.00351051300960525
2023-01-23,"Asset 1",0.00625451668585955
2023-01-24,"Asset 1",0.00672083328113062
2023-01-25,"Asset 1",0.0171145630747064
2023-01-26,"Asset 1",-0.00897117617838883
2023-01-27,"Asset 1",7.63264081737495e-05
2023-01-30,"Asset 1",0.00834053777593735
2023-01-31,"Asset 1",0.00862696452631053
2023-02-01,"Asset 1",-0.00166506280545148
2023-02-02,"Asset 1",0.00865244927448733
2023-02-03,"Asset 1",0.015983123798507
2023-02-06,"Asset 1",0.00072121489845009
2023-02-07,"Asset 1",-0.000822840965665851
2023-02-08,"Asset 1",0.00240427069205996
2023-02-09,"Asset 1",0.00105834949673055
2023-02-10,"Asset 1",-0.00679602869706305
2023-02-13,"Asset 1",0.00938249154285839
2023-02-14,"Asset 1",0.0141701484690036
2023-02-15,"Asset 1",0.00718715542531609
2023-02-16,"Asset 1",0.00983077705206039
2023-02-17,"Asset 1",0.0153364162085242
2023-02-20,"Asset 1",-0.00351623692698302
2023-02-21,"Asset 1",0.00819668772716201
2023-02-22,"Asset 1",0.00376697908457971
2023-02-23,"Asset 1",0.0119997636342511
2023-02-24,"Asset 1",0.00225684071216719
2023-02-27,"Asset 1",0.0112954445234505
2023-02-28,"Asset 1",-0.00318728979233216
2023-03-01,"Asset 1",-0.0105054556174171
2023-03-02,"Asset 1",0.00216523619921698
2023-03-03,"Asset 1",0.00540873891892921
2023-03-06,"Asset 1",0.00414975611847285
2023-03-07,"Asset 1",0.000538176657567411
2023-03-08,"Asset 1",0.0155733643651409
2023-03-09,"Asset 1",0.00997018262244907
2023-03-10,"Asset 1",-0.0398379191903814
2023-03-13,"Asset 1",-0.00215906330720639
2023-03-14,"Asset 1",0.0173175868526147
2023-03-15,"Asset 1",0.0082061927215347
2023-03-16,"Asset 1",0.000611925169492707
2023-03-17,"Asset 1",-0.00116055635715044
2023-03-20,"Asset 1",0.00663070098761293
2023-03-21,"Asset 1",-0.00120376008204425
2023-03-22,"Asset 1",-0.0007258387902982
2023-03-23,"Asset 1",0.00755326118940761
2023-03-24,"Asset 1",0.000997086705244488
2023-03-27,"Asset 1",0.0147510749215652
2023-03-28,"Asset 1",0.00946393703586608
2023-03-29,"Asset 1",0.0105728233974025
2023-03-30,"Asset 1",0.00387601213415471
2023-03-31,"Asset 1",0.00668928426559286
2023-04-03,"Asset 1",0.00396659871557293
2023-04-04,"Asset 1",0.00079920206449602
2023-04-05,"Asset 1",0.00191877141530172
2023-04-06,"Asset 1",0.00768395921223075
2023-04-07,"Asset 1",-0.00200047507281167
2023-04-10,"Asset 1",0.00815749961980313
2023-04-11,"Asset 1",-0.00224334912738539
2023-04-12,"Asset 1",0.00650996475217573
2023-04-13,"Asset 1",-0.00554924955684839
2023-04-14,"Asset 1",-0.00640181601745091
2023-04-17,"Asset 1",0.00421836956428724
2023-04-18,"Asset 1",0.00702591760442085
2023-04-19,"Asset 1",0.00205727656783001
2023-04-20,"Asset 1",0.00923004618880175
2023-04-21,"Asset 1",0.000423277650102621
2023-04-24,"Asset 1",-0.00667197876157371
2023-04-25,"Asset 1",0.00927692067492238
2023-04-26,"Asset 1",0.00495681606168273
2023-04-27,"Asset 1",0.00279193470189655
2023-04-28,"Asset 1",-0.00300313594262131
2023-05-01,"Asset 1",-0.00293540276536528
2023-05-02,"Asset 1",0.0058239507798758
2023-05-03,"Asset 1",-0.000484068390530755
2023-05-04,"Asset 1",0.00321541916865411
2023-05-05,"Asset 1",0.00101879014934398
2023-05-08,"Asset 1",0.00523567480171418
2023-05-09,"Asset 1",-0.00383684469644587
2023-05-10,"Asset 1",0.0122374062984966
2023-05-11,"Asset 1",0.00449198018624428
2023-05-12,"Asset 1",0.0134029543801163
2023-05-15,"Asset 1",0.000651751558179574
2023-05-16,"Asset 1",-0.00712973473131171
2023-05-17,"Asset 1",-0.00708256501836158
2023-05-18,"Asset 1",-0.000806366437458455
2023-05-19,"Asset 1",-0.000242084089903688
2023-05-22,"Asset 1",0.0111220774008491
2023-05-23,"Asset 1",0.00648471925654109
2023-05-24,"Asset 1",-0.00568222750870985
2023-05-25,"Asset 1",0.00361155712287765
2023-05-26,"Asset 1",0.00644756988315403
2023-05-29,"Asset 1",0.00309793091269997
2023-05-30,"Asset 1",-0.00320031062209843
2023-05-31,"Asset 1",-0.00554187830246849
2023-06-01,"Asset 1",-0.00279552958567211
2023-06-02,"Asset 1",-0.00349575568881797
2023-06-05,"Asset 1",0.00958896396497987
2023-06-06,"Asset 1",0.00527410555689634
2023-06-07,"Asset 1",-0.00835451433123626
2023-06-08,"Asset 1",-0.00212793729474739
2023-06-09,"Asset 1",0.00326950600352998
2023-06-12,"Asset 1",0.00136025929757609
2023-06-13,"Asset 1",-0.00283136405787501
2023-06-14,"Asset 1",0.0053223312852404
2023-06-15,"Asset 1",0.0110966992901514
2023-06-16,"Asset 1",0.00071757289694846
2023-06-19,"Asset 1",-0.0585062213174287
2023-06-20,"Asset 1",-0.000606567388257858
2023-06-21,"Asset 1",0.00226175524299689
2023-06-22,"Asset 1",0.00981652942458302
2023-06-23,"Asset 1",-0.00220291745561436
2023-06-26,"Asset 1",0.00202086905859751
2023-06-27,"Asset 1",0.0113638716432203
2023-06-28,"Asset 1",0.000423096268699192
2023-06-29,"Asset 1",-0.00131820635722025
2023-06-30,"Asset 1",-0.00427925336681112
2023-07-03,"Asset 1",-0.00197254826134839
2023-07-04,"Asset 1",-0.0011276412233178
2023-07-05,"Asset 1",0.004874884172665
2023-07-06,"Asset 1",0.005578170638331
2023-07-07,"Asset 1",0.00760322052441572
2023-07-10,"Asset 1",0.0024772945094413
2023-07-11,"Asset 1",0.00406666208774564
2023-07-12,"Asset 1",-0.00959488548295173
2023-07-13,"Asset 1",0.000868532521607938
2023-07-14,"Asset 1",0.00678626674948531
2023-07-17,"Asset 1",0.00073561369753486
2023-07-18,"Asset 1",0.0161869056987098
2023-07-19,"Asset 1",0.001212394958932
2023-07-20,"Asset 1",0.0055568315458585
2023-07-21,"Asset 1",0.00598673920251505
2023-07-24,"Asset 1",0.00123965435794757
2023-07-25,"Asset 1",0.00905530414423922
2023-07-26,"Asset 1",0.0133986873932813
2023-07-27,"Asset 1",0.00316385224692988
2023-07-28,"Asset 1",0.00228186445690518
2023-07-31,"Asset 1",0.00150184821533733
2023-08-01,"Asset 1",0.00853740724820018
2023-08-02,"Asset 1",0.00476857855817623
2023-08-03,"Asset 1",0.00850323468194053
2023-08-04,"Asset 1",-0.0049300732583505
2023-08-07,"Asset 1",0.00854140046558723
2023-08-08,"Asset 1",-0.0774476337015805
2023-08-09,"Asset 1",0.00117602798574469
2023-08-10,"Asset 1",0.00706397424187904
2023-08-11,"Asset 1",0.00545377877438026
2023-08-14,"Asset 1",0.000614621685176234
2023-08-15,"Asset 1",0.014704758391495
2023-08-16,"Asset 1",0.000276905591347865
2023-08-17,"Asset 1",0.00801406478614158
2023-08-18,"Asset 1",0.00734380256511796
2023-08-21,"Asset 1",0.00904783290797224
2023-08-22,"Asset 1",0.00603381856123813
2023-08-23,"Asset 1",0.00946618231830916
2023-08-24,"Asset 1",0.00928096353333169
2023-08-25,"Asset 1",0.0063776783547654
2023-08-28,"Asset 1",0.0119165640131096
2023-08-29,"Asset 1",0.00251739335230623
2023-08-30,"Asset 1",-0.0395712064905076
2023-08-31,"Asset 1",-0.00190863394535733
2023-09-01,"Asset 1",0.000238787833707764
2023-09-04,"Asset 1",0.0122805724971875
2023-09-05,"Asset 1",-0.000555760012696163
2023-09-06,"Asset 1",0.00776091114174185
2023-09-07,"Asset 1",0.013463469537216
2023-09-08,"Asset 1",0.0123612415744439
2023-09-11,"Asset 1",0.00278440910415029
2023-09-12,"Asset 1",0.0057603271189527
2023-09-13,"Asset 1",-0.00207329847532201
2023-09-14,"Asset 1",0.013916622089943
2023-09-15,"Asset 1",0.0047679122812026
2023-09-18,"Asset 1",0.00930151476545162
2023-09-19,"Asset 1",0.000302366403922921
2023-09-20,"Asset 1",0.0068454394244668
2023-09-21,"Asset 1",0.00880522798135042
2023-09-22,"Asset 1",0.00203032867700724
2023-09-25,"Asset 1",0.00839161857866643
2023-09-26,"Asset 1",-0.000355426204013291
2023-09-27,"Asset 1",0.00372215309941512
2023-09-28,"Asset 1",0.00541929732003469
2023-09-29,"Asset 1",-0.00163098344225833
2023-10-02,"Asset 1",0.00397868757902319
2023-10-03,"Asset 1",-0.00228924665272448
2023-10-04,"Asset 1",0.000282905372838456
2023-10-05,"Asset 1",0.00805896476068401
2023-10-06,"Asset 1",0.00551935985443544
2023-10-09,"Asset 1",0.000824155103611658
2023-10-10,"Asset 1",0.0141776344390867
2023-10-11,"Asset 1",0.00700617752091171
2023-10-12,"Asset 1",0.000993357856153809
2023-10-13,"Asset 1",-0.00681571634903744
2023-10-16,"Asset 1",0.00913573051944603
2023-10-17,"Asset 1",-0.00403363729715702
2023-10-18,"Asset 1",0.00460005141601006
2023-10-19,"Asset 1",-0.00422663698565577
2023-10-20,"Asset 1",-0.00280923108683597
2023-10-23,"Asset 1",-0.00338968435389336
2023-10-24,"Asset 1",0.0145392219121608
2023-10-25,"Asset 1",0.00695298046418253
2023-10-26,"Asset 1",0.0021463686266938
2023-10-27,"Asset 1",0.00540771213306595
2023-10-30,"Asset 1",0.00620818296045616
2023-10-31,"Asset 1",0.0113286657777479
2023-11-01,"Asset 1",-0.00659453331134505
2023-11-02,"Asset 1",0.0134728571155307
2023-11-03,"Asset 1",0.00696825015577147
2023-11-06,"Asset 1",0.0031742196610966
2023-11-07,"Asset 1",-0.0115793346056768
2023-11-08,"Asset 1",0.00525310953319361
2023-11-09,"Asset 1",0.00514331303346291
2023-11-10,"Asset 1",0.00757485733515916
2023-11-13,"Asset 1",0.00165468962365768
2023-11-14,"Asset 1",-0.000438819568547944
2023-11-15,"Asset 1",-0.00430211847463664
2023-11-16,"Asset 1",-0.00795818867330291
2023-11-17,"Asset 1",0.00622590072306995
2023-11-20,"Asset 1",0.00292752568424858
2023-11-21,"Asset 1",-0.00339095134390191
2023-11-22,"Asset 1",0.00757857221068755
2023-11-23,"Asset 1",0.00333656031958837
2023-11-24,"Asset 1",0.00477660966627489
2023-11-27,"Asset 1",0.00471929433916355
2023-11-28,"Asset 1",-0.013493439681369
2023-11-29,"Asset 1",0.00210480974820182
2023-11-30,"Asset 1",0.00581934037487062
2023-12-01,"Asset 1",0.00288078844095869
2023-12-04,"Asset 1",0.00296231928445832
2023-12-05,"Asset 1",-0.00910920913341042
2023-12-06,"Asset 1",-0.00287903117349118
2023-12-07,"Asset 1",-1.70855475893348e-05
2023-12-08,"Asset 1",0.00401597733659032
2023-12-11,"Asset 1",0.00225100177398859
2023-12-12,"Asset 1",0.00412140931672241
2023-12-13,"Asset 1",0.0032797779267856
2023-12-14,"Asset 1",0.00105617473624751
2023-12-15,"Asset 1",-0.000522025233925428
2023-12-18,"Asset 1",-0.00147097338752213
2023-12-19,"Asset 1",0.0175845336811096
2023-12-20,"Asset 1",0.00198289665317298
2023-12-21,"Asset 1",0.00155611039466252
2023-12-22,"Asset 1",0.00744547919391137
2023-12-25,"Asset 1",0.0137031167597599
2023-12-26,"Asset 1",0.00387435731508261
2023-12-27,"Asset 1",0.00544354341881989
2023-12-28,"Asset 1",0.0104535727654409
2023-12-29,"Asset 1",0.00167753143755542
2024-01-01,"Asset 1",-0.00114721990637721
2024-01-02,"Asset 1",0.00697752709353971
2024-01-03,"Asset 1",-0.00766030895741203
2024-01-04,"Asset 1",-0.000207836808719473
2024-01-05,"Asset 1",-0.00067229167376675
2024-01-08,"Asset 1",-0.00516550957315702
2024-01-09,"Asset 1",-0.0736125548704415
2024-01-10,"Asset 1",0.0126562328081135
2024-01-11,"Asset 1",0.0131723651812034
2024-01-12,"Asset 1",0.0110870179256539
2024-01-15,"Asset 1",0.00652448019418743
2024-01-16,"Asset 1",-0.00280597585265242
2024-01-17,"Asset 1",-0.00259015527470925
2024-01-18,"Asset 1",-0.00290442503448406
2024-01-19,"Asset 1",-0.00175637090893388
2024-01-22,"Asset 1",0.00729579272269387
2024-01-23,"Asset 1",-0.00302337147794625
2024-01-24,"Asset 1",-0.00314178144234471
2024-01-25,"Asset 1",0.00470853150802749
2024-01-26,"Asset 1",-0.00410382615641356
2024-01-29,"Asset 1",0.00427604892934288
2024-01-30,"Asset 1",0.00351151377461415
2024-01-31,"Asset 1",0.00786829663677638
2024-02-01,"Asset 1",-0.00145183570975691
2024-02-02,"Asset 1",0.0133125468611793
2024-02-05,"Asset 1",0.00666276125544012
2024-02-06,"Asset 1",0.0140249080866947
2024-02-07,"Asset 1",0.00638485280142343
2024-02-08,"Asset 1",-0.00222712583324183
2024-02-09,"Asset 1",0.00448542192797149
2024-02-12,"Asset 1",0.00961350797912848
2024-02-13,"Asset 1",0.00802423833926194
2024-02-14,"Asset 1",-0.0105738935755779
2024-02-15,"Asset 1",-0.000701510271862123
2024-02-16,"Asset 1",0.00362462374847662
2024-02-19,"Asset 1",0.00680279283386945
2024-02-20,"Asset 1",0.00928596615526649
2024-02-21,"Asset 1",0.0200685849355648
2024-02-22,"Asset 1",-0.00261704184336091
2024-02-23,"Asset 1",0.000514695641035864
2024-02-26,"Asset 1",0.00289454918131046
2024-02-27,"Asset 1",0.00878922959592878
2024-02-28,"Asset 1",0.00188291188897729
2024-02-29,"Asset 1",0.00527216622216962
2024-03-01,"Asset 1",-0.0126239890768331
2024-03-04,"Asset 1",0.00387850955940512
2024-03-05,"Asset 1",-0.0513060822985013
2024-03-06,"Asset 1",0.012790369085614
2024-03-07,"Asset 1",-0.00752987339949369
2024-03-08,"Asset 1",0.00321528339015125
2024-03-11,"Asset 1",-0.00301407463956904
2024-03-12,"Asset 1",-0.00412177626280478
2024-03-13,"Asset 1",0.00437209720060406
2024-03-14,"Asset 1",0.00858492076665324
2024-03-15,"Asset 1",0.00626919764475188
2024-03-18,"Asset 1",0.00954961043220424
2024-03-19,"Asset 1",-0.00280051853297186
2024-03-20,"Asset 1",-0.0450240496309465
2024-03-21,"Asset 1",0.0199863094623333
2024-03-22,"Asset 1",-0.0577810620359213
2024-03-25,"Asset 1",-0.00168572566462952
2024-03-26,"Asset 1",-2.14413108471592e-05
2024-03-27,"Asset 1",0.00267295375034395
2024-03-28,"Asset 1",0.00401176443907467
2024-03-29,"Asset 1",0.00273175646234045
2024-04-01,"Asset 1",-0.0444291657569783
2024-04-02,"Asset 1",-0.000362690994108141
2024-04-03,"Asset 1",-0.0471550891935912
2024-04-04,"Asset 1",0.00247132474932345
2024-04-05,"Asset 1",0.0026153670401419
2024-04-08,"Asset 1",0.0110445990924698
2024-04-09,"Asset 1",-0.00381852699319259
2024-04-10,"Asset 1",0.00973269719343367
2024-04-11,"Asset 1",-0.00178798147430917
2024-04-12,"Asset 1",-9.619194841084e-05
2024-04-15,"Asset 1",0.0109782769288909
2024-04-16,"Asset 1",0.0136737425517785
2024-04-17,"Asset 1",0.00339349098647503
2024-04-18,"Asset 1",-0.00776302389028702
2024-04-19,"Asset 1",0.00658176789945697
2024-04-22,"Asset 1",0.000810211192806582
2024-04-23,"Asset 1",-0.00155042791049977
2024-04-24,"Asset 1",0.00867176285168627
2024-04-25,"Asset 1",-0.00108790084238632
2024-04-26,"Asset 1",0.00341001818677535
2024-04-29,"Asset 1",0.000235022213153405
2024-04-30,"Asset 1",0.00296922345697057
2024-05-01,"Asset 1",0.00312304411197265
2024-05-02,"Asset 1",0.00440763173976573
2024-05-03,"Asset 1",-0.00133757890495213
2024-05-06,"Asset 1",0.0046562855591029
2024-05-07,"Asset 1",-0.000287071864255136
2024-05-08,"Asset 1",0.0121013514414458
2024-05-09,"Asset 1",-0.00613713286602572
2024-05-10,"Asset 1",-0.00663966803456332
2024-05-13,"Asset 1",0.0044869216132703
2024-05-14,"Asset 1",-0.00303151833849049
2024-05-15,"Asset 1",0.00193573365144707
2024-05-16,"Asset 1",-0.048338658679115
2024-05-17,"Asset 1",-0.00119702260373757
2024-05-20,"Asset 1",0.00477813090167759
2024-05-21,"Asset 1",0.00057605138593356
2024-05-22,"Asset 1",-0.00200404900972454
2024-05-23,"Asset 1",0.00572798532538109
2024-05-24,"Asset 1",0.00215850922086741
2024-05-27,"Asset 1",0.000542861562257591
2024-05-28,"Asset 1",0.00394819831527187
2024-05-29,"Asset 1",0.0104529347615869
2024-05-30,"Asset 1",0.00186494345288657
2024-05-31,"Asset 1",-0.070002689816488
2024-06-03,"Asset 1",0.00611876471542254
2024-06-04,"Asset 1",0.00172693931426392
2024-06-05,"Asset 1",-0.00441242431081382
2024-06-06,"Asset 1",-0.00077330410697996
2024-06-07,"Asset 1",0.00673366541914395
2024-06-10,"Asset 1",0.0122193120127005
2024-06-11,"Asset 1",-0.00153252007144728
2024-06-12,"Asset 1",0.00258105330739709
2024-06-13,"Asset 1",-0.054224295237862
2024-06-14,"Asset 1",-0.00416756285444733
2024-06-17,"Asset 1",0.00443653952122842
2024-06-18,"Asset 1",0.00919707278512319
2024-06-19,"Asset 1",-0.0010416188871315
2024-06-20,"Asset 1",0.00416538342100668
2024-06-21,"Asset 1",0.00961604133616941
2024-06-24,"Asset 1",-0.00683217219646701
2024-06-25,"Asset 1",-0.00191897383166268
2024-06-26,"Asset 1",0.00882303271040031
2024-06-27,"Asset 1",-0.00539023499263316
2024-06-28,"Asset 1",0.00185611251267826
2024-07-01,"Asset 1",0.016153667484136
2024-07-02,"Asset 1",0.00633706735920522
2024-07-03,"Asset 1",0.00597821682527737
2024-07-04,"Asset 1",-0.0486577479958748
2024-07-05,"Asset 1",-0.0078744863612397
2024-07-08,"Asset 1",0.00188312280002872
2024-07-09,"Asset 1",-0.00190179689697435
2024-07-10,"Asset 1",-0.00445377386386153
2024-07-11,"Asset 1",0.00640470307277419
2024-07-12,"Asset 1",-0.00476531791931844
2024-07-15,"Asset 1",-0.00190211651131946
2024-07-16,"Asset 1",0.00775297955482628
2024-07-17,"Asset 1",0.00434245481411038
2024-07-18,"Asset 1",0.00160019338696833
2024-07-19,"Asset 1",0.00327607173093958
2024-07-22,"Asset 1",0.00571086125608723
2024-07-23,"Asset 1",0.0103580385320114
2024-07-24,"Asset 1",0.00364849603206287
2024-07-25,"Asset 1",0.00878683056502036
2024-07-26,"Asset 1",0.00774750685785009
2024-07-29,"Asset 1",-0.00504988995206047
2024-07-30,"Asset 1",0.00272765102844323
2024-07-31,"Asset 1",-0.000144835801009207
2024-08-01,"Asset 1",0.0115811191136162
2024-08-02,"Asset 1",0.00341749502226947
2024-08-05,"Asset 1",0.0104961235079395
2024-08-06,"Asset 1",0.00572006873076095
2024-08-07,"Asset 1",0.00852404578732847
2024-08-08,"Asset 1",-0.00274989682354145
2024-08-09,"Asset 1",-0.00900356007618779
2024-08-12,"Asset 1",0.00977997566657298
2024-08-13,"Asset 1",0.006597216615337
2024-08-14,"Asset 1",0.0131061477541515
2024-08-15,"Asset 1",-0.00399914802798779
2024-08-16,"Asset 1",-0.000437138094215278
2024-08-19,"Asset 1",0.0186044675080724
2024-08-20,"Asset 1",-0.0134136145981076
2024-08-21,"Asset 1",0.00521233090192448
2024-08-22,"Asset 1",0.00396143785209966
2024-08-23,"Asset 1",0.00446925736072053
2024-08-26,"Asset 1",-0.0431435998806438
2024-08-27,"Asset 1",-0.0119090236018425
2024-08-28,"Asset 1",0.0112628047054862
2024-08-29,"Asset 1",0.00483762287029996
2024-08-30,"Asset 1",-0.00161834849219295
2024-09-02,"Asset 1",0.00292776223032626
2024-09-03,"Asset 1",0.0120121842362384
2024-09-04,"Asset 1",0.00394146250473681
2024-09-05,"Asset 1",0.00190977521190772
2024-09-06,"Asset 1",0.000582061183349016
2024-09-09,"Asset 1",0.00719390039486532
2024-09-10,"Asset 1",0.00674222918682607
2024-09-11,"Asset 1",-0.00425430305613521
2024-09-12,"Asset 1",-0.000574735894175597
2024-09-13,"Asset 1",2.01277762466303e-06
2024-09-16,"Asset 1",0.00181139462056042
2024-09-17,"Asset 1",0.00246485840548478
2024-09-18,"Asset 1",0.00154406261640608
2024-09-19,"Asset 1",0.00507861592540641
2024-09-20,"Asset 1",-0.00579682125549636
2024-09-23,"Asset 1",0.0013755133698208
2024-09-24,"Asset 1",0.0133087081341542
2024-09-25,"Asset 1",0.00828560693425782
2024-09-26,"Asset 1",0.0137171427779971
2024-09-27,"Asset 1",0.00438303426727597
2024-09-30,"Asset 1",-0.00589913516123871
2024-10-01,"Asset 1",0.00316392896940877
2024-10-02,"Asset 1",-0.00950386438588889
2024-10-03,"Asset 1",-0.00208292133252276
2024-10-04,"Asset 1",-0.00248170095933207
2024-10-07,"Asset 1",-0.000185137474596245
2024-10-08,"Asset 1",0.0131559747875784
2024-10-09,"Asset 1",0.000693330822040016
2024-10-10,"Asset 1",0.00276676167188672
2024-10-11,"Asset 1",-0.0472967569846188
2024-10-14,"Asset 1",0.000371802732268638
2024-10-15,"Asset 1",0.00123287065761937
2024-10-16,"Asset 1",-0.00658361178567077
2024-10-17,"Asset 1",0.00763694939235299
2024-10-18,"Asset 1",-0.00381596735204663
2024-10-21,"Asset 1",0.00859534127119576
2024-10-22,"Asset 1",0.00474329824378638
2024-10-23,"Asset 1",0.0183760260177861
2024-10-24,"Asset 1",-0.00635121614170567
2024-10-25,"Asset 1",-0.00650636918313688
2024-10-28,"Asset 1",-0.00357904057404358
2024-10-29,"Asset 1",0.0228281988576683
2020-01-01,"Asset 2",0.0157294130874916
2020-01-02,"Asset 2",-0.00184382683089818
2020-01-03,"Asset 2",0.0121727355687882
2020-01-06,"Asset 2",0.0170975705429275
2020-01-07,"Asset 2",0.00545060161201668
2020-01-08,"Asset 2",-0.00554060843828694
2020-01-09,"Asset 2",0.00311294515866401
2020-01-10,"Asset 2",0.00942906102638136
2020-01-13,"Asset 2",-0.00958472826403286
2020-01-14,"Asset 2",-0.00782749077113226
2020-01-15,"Asset 2",-0.00172794320359955
2020-01-16,"Asset 2",-0.00779059885751846
2020-01-17,"Asset 2",-0.0059619367643352
2020-01-20,"Asset 2",-0.017639174492938
2020-01-21,"Asset 2",-0.0131020208763015
2020-01-22,"Asset 2",-0.0049486656488695
2020-01-23,"Asset 2",-0.00722752538419917
2020-01-24,"Asset 2",0.0235730456624288
2020-01-27,"Asset 2",-0.000708885189513387
2020-01-28,"Asset 2",0.00310595410973057
2020-01-29,"Asset 2",0.00480086330161392
2020-01-30,"Asset 2",0.0185580665229909
2020-01-31,"Asset 2",0.00130669073228253
2020-02-03,"Asset 2",-0.0137772309140763
2020-02-04,"Asset 2",-0.000315973903403708
2020-02-05,"Asset 2",-0.000929607023958862
2020-02-06,"Asset 2",0.00930040807559785
2020-02-07,"Asset 2",-0.00707336406929999
2020-02-10,"Asset 2",0.0179248110343384
2020-02-11,"Asset 2",0.000600729079885455
2020-02-12,"Asset 2",0.00534403754329603
2020-02-13,"Asset 2",0.00855655281340606
2020-02-14,"Asset 2",0.00266281294739034
2020-02-17,"Asset 2",-0.0103763547339288
2020-02-18,"Asset 2",0.00855367125466952
2020-02-19,"Asset 2",0.00734647062292337
2020-02-20,"Asset 2",0.0114362616769031
2020-02-21,"Asset 2",0.0173621961930981
2020-02-24,"Asset 2",-0.0122905746965878
2020-02-25,"Asset 2",0.0224968106370331
2020-02-26,"Asset 2",0.00361154317535988
2020-02-27,"Asset 2",0.0206016168661558
2020-02-28,"Asset 2",0.00130115205941267
2020-03-02,"Asset 2",-0.00884094304499333
2020-03-03,"Asset 2",-0.00943918441540541
2020-03-04,"Asset 2",0.00360362226362622
2020-03-05,"Asset 2",0.0136439900903201
2020-03-06,"Asset 2",0.00010691844609407
2020-03-09,"Asset 2",0.00739597028502323
2020-03-10,"Asset 2",-0.00231636828538684
2020-03-11,"Asset 2",0.00111921637156329
2020-03-12,"Asset 2",0.0181421451003636
2020-03-13,"Asset 2",-0.00352572608026367
2020-03-16,"Asset 2",0.00815716721556824
2020-03-17,"Asset 2",0.00560635725546875
2020-03-18,"Asset 2",-0.00954303974724919
2020-03-19,"Asset 2",0.0100312168057848
2020-03-20,"Asset 2",0.00659915767196052
2020-03-23,"Asset 2",-0.00511373613950811
2020-03-24,"Asset 2",0.0238315363956635
2020-03-25,"Asset 2",0.015435830366727
2020-03-26,"Asset 2",-0.0132588307417263
2020-03-27,"Asset 2",-0.00341363451857338
2020-03-30,"Asset 2",-0.00252797135448802
2020-03-31,"Asset 2",-0.0105261632983707
2020-04-01,"Asset 2",-0.0140954365194504
2020-04-02,"Asset 2",-0.00788747649539944
2020-04-03,"Asset 2",-0.00235478417387753
2020-04-06,"Asset 2",0.00793174893987222
2020-04-07,"Asset 2",0.00191899145495554
2020-04-08,"Asset 2",0.00183870133376414
2020-04-09,"Asset 2",0.0205817162931815
2020-04-10,"Asset 2",-0.00414569029200154
2020-04-13,"Asset 2",0.000725465060573308
2020-04-14,"Asset 2",0.010171351669273
2020-04-15,"Asset 2",-0.00956221803226292
2020-04-16,"Asset 2",0.00325114203773608
2020-04-17,"Asset 2",-0.00530871597668664
2020-04-20,"Asset 2",0.0108017443199586
2020-04-21,"Asset 2",-0.00790911853883171
2020-04-22,"Asset 2",-0.0222369970948337
2020-04-23,"Asset 2",0.00943308664314234
2020-04-24,"Asset 2",0.00134719857130567
2020-04-27,"Asset 2",-0.0182399746649777
2020-04-28,"Asset 2",0.0151007323431289
2020-04-29,"Asset 2",0.00317626504762924
2020-04-30,"Asset 2",0.00520103857523019
2020-05-01,"Asset 2",0.00125751146592728
2020-05-04,"Asset 2",-0.00978994385565758
2020-05-05,"Asset 2",-0.00172140270884331
2020-05-06,"Asset 2",-0.00195933973064107
2020-05-07,"Asset 2",-0.000377703272880314
2020-05-08,"Asset 2",0.00949492714402163
2020-05-11,"Asset 2",-0.000402634439357635
2020-05-12,"Asset 2",-0.00310259746415857
2020-05-13,"Asset 2",0.0053471761353081
2020-05-14,"Asset 2",0.00298763019799022
2020-05-15,"Asset 2",0.00348238370235644
2020-05-18,"Asset 2",-0.00499101467132541
2020-05-19,"Asset 2",0.00773897397079348
2020-05-20,"Asset 2",-0.00256451718946952
2020-05-21,"Asset 2",-0.0130842398568728
2020-05-22,"Asset 2",0.0125453939329318
2020-05-25,"Asset 2",0.00284330065834198
2020-05-26,"Asset 2",-0.00480903666551592
2020-05-27,"Asset 2",0.0106029610479827
2020-05-28,"Asset 2",0.00351462927492067
2020-05-29,"Asset 2",0.000598072708258927
2020-06-01,"Asset 2",0.00833021991749192
2020-06-02,"Asset 2",-0.0175823297735467
2020-06-03,"Asset 2",-0.0065835749251477
2020-06-04,"Asset 2",-0.024180554008567
2020-06-05,"Asset 2",0.00186117322243316
2020-06-08,"Asset 2",0.0071759027659518
2020-06-09,"Asset 2",-0.000696377016390744
2020-06-10,"Asset 2",0.0114587184785183
2020-06-11,"Asset 2",0.0026026344833217
2020-06-12,"Asset 2",0.00148574512059286
2020-06-15,"Asset 2",0.00752950288339853
2020-06-16,"Asset 2",-0.0124493077465389
2020-06-17,"Asset 2",-0.00423627035204136
2020-06-18,"Asset 2",-0.0148957026957674
2020-06-19,"Asset 2",-0.0135295690528803
2020-06-22,"Asset 2",-0.0109726577522872
2020-06-23,"Asset 2",0.0049643043603871
2020-06-24,"Asset 2",0.00943746933420106
2020-06-25,"Asset 2",-0.00345648843257353
2020-06-26,"Asset 2",0.00192810396831668
2020-06-29,"Asset 2",0.00563142658173001
2020-06-30,"Asset 2",-0.018992163360482
2020-07-01,"Asset 2",0.00269765034979424
2020-07-02,"Asset 2",-0.0109577436647289
2020-07-03,"Asset 2",0.0128303988905362
2020-07-06,"Asset 2",-0.00349604610022871
2020-07-07,"Asset 2",0.0213311084496487
2020-07-08,"Asset 2",0.0180463583552945
2020-07-09,"Asset 2",0.012035150962819
2020-07-10,"Asset 2",0.00180577290086641
2020-07-13,"Asset 2",-0.00381443210825943
2020-07-14,"Asset 2",-0.00306923499117254
2020-07-15,"Asset 2",0.00973736875348127
2020-07-16,"Asset 2",0.00143821744191023
2020-07-17,"Asset 2",-0.0111976100078281
2020-07-20,"Asset 2",-0.0120617459226263
2020-07-21,"Asset 2",0.00180485620688147
2020-07-22,"Asset 2",0.0140282029089561
2020-07-23,"Asset 2",-0.0251244408753682
2020-07-24,"Asset 2",0.00391913575107344
2020-07-27,"Asset 2",-0.011953551310958
2020-07-28,"Asset 2",-0.00540477192861308
2020-07-29,"Asset 2",-0.019506665344523
2020-07-30,"Asset 2",0.0230520236975622
2020-07-31,"Asset 2",0.019121427068275
2020-08-03,"Asset 2",0.00563017569259475
2020-08-04,"Asset 2",0.0124709844635317
2020-08-05,"Asset 2",0.00379212028982845
2020-08-06,"Asset 2",-0.0023349766608441
2020-08-07,"Asset 2",0.0182498877267917
2020-08-10,"Asset 2",-0.0301222809966602
2020-08-11,"Asset 2",0.01821746789539
2020-08-12,"Asset 2",0.0054940833926623
2020-08-13,"Asset 2",-0.00135075268225745
2020-08-14,"Asset 2",-0.0190606300761068
2020-08-17,"Asset 2",-0.0309382944682673
2020-08-18,"Asset 2",-0.00523352435662262
2020-08-19,"Asset 2",-0.000303428238028542
2020-08-20,"Asset 2",0.00678858843531759
2020-08-21,"Asset 2",0.00123298083992315
2020-08-24,"Asset 2",-0.0155817001514965
2020-08-25,"Asset 2",0.0133695253786042
2020-08-26,"Asset 2",0.00400038422542676
2020-08-27,"Asset 2",-0.00380458797703344
2020-08-28,"Asset 2",0.000127075070355698
2020-08-31,"Asset 2",0.00652631551502999
2020-09-01,"Asset 2",0.00413395548158068
2020-09-02,"Asset 2",-0.00155066621862511
2020-09-03,"Asset 2",-0.00944345831268905
2020-09-04,"Asset 2",-0.00531992255415883
2020-09-07,"Asset 2",0.0208433883641258
2020-09-08,"Asset 2",-0.0219082273672661
2020-09-09,"Asset 2",-0.00509577257179145
2020-09-10,"Asset 2",-0.0190424642294301
2020-09-11,"Asset 2",-0.0140635257049205
2020-09-14,"Asset 2",-0.000352453326338643
2020-09-15,"Asset 2",0.00749565330874985
2020-09-16,"Asset 2",-0.0115648324242216
2020-09-17,"Asset 2",0.00551573453948044
2020-09-18,"Asset 2",0.0172633374335247
2020-09-21,"Asset 2",0.00237225286998919
2020-09-22,"Asset 2",0.0258271367966436
2020-09-23,"Asset 2",-0.0070927614398741
2020-09-24,"Asset 2",0.00896623461721118
2020-09-25,"Asset 2",-0.0330610138928871
2020-09-28,"Asset 2",-0.0122316273719928
2020-09-29,"Asset 2",-0.00896834099049471
2020-09-30,"Asset 2",0.0158882217599042
2020-10-01,"Asset 2",-0.00653690567767572
2020-10-02,"Asset 2",0.0126632309915571
2020-10-05,"Asset 2",0.011898071716851
2020-10-06,"Asset 2",-0.0125839782792175
2020-10-07,"Asset 2",-0.0020383881072823
2020-10-08,"Asset 2",0.00226011699002983
2020-10-09,"Asset 2",-0.0176791707467289
2020-10-12,"Asset 2",-0.0171839457153896
2020-10-13,"Asset 2",0.0085153559084863
2020-10-14,"Asset 2",-0.0217386211585965
2020-10-15,"Asset 2",0.00999573601094861
2020-10-16,"Asset 2",-0.0225014693458567
2020-10-19,"Asset 2",-0.00134712750983333
2020-10-20,"Asset 2",-0.0014719093860215
2020-10-21,"Asset 2",-0.00258718811814379
2020-10-22,"Asset 2",0.00613547163664088
2020-10-23,"Asset 2",-0.00859403706507102
2020-10-26,"Asset 2",0.00328933978201288
2020-10-27,"Asset 2",-0.00107843453237593
2020-10-28,"Asset 2",-0.0211425102552061
2020-10-29,"Asset 2",0.00809659593470933
2020-10-30,"Asset 2",-0.0127213248186628
2020-11-02,"Asset 2",-0.0183804607273057
2020-11-03,"Asset 2",-0.0132848664767979
2020-11-04,"Asset 2",0.0082204780053558
2020-11-05,"Asset 2",-0.019214339299298
2020-11-06,"Asset 2",0.0148933037292977
2020-11-09,"Asset 2",0.0146870029112947
2020-11-10,"Asset 2",0.000328622766737841
2020-11-11,"Asset 2",0.00488633218505065
2020-11-12,"Asset 2",0.00514602532076648
2020-11-13,"Asset 2",0.00606256410720072
2020-11-16,"Asset 2",0.0104130433811265
2020-11-17,"Asset 2",0.0199635644821595
2020-11-18,"Asset 2",0.0240034160872618
2020-11-19,"Asset 2",-0.0128517687371538
2020-11-20,"Asset 2",0.00160304122762049
2020-11-23,"Asset 2",-0.0123111006715203
2020-11-24,"Asset 2",-0.00226920950140068
2020-11-25,"Asset 2",-0.00291611943457754
2020-11-26,"Asset 2",0.00203071274423877
2020-11-27,"Asset 2",-0.00231547205702673
2020-11-30,"Asset 2",0.00545049348893851
2020-12-01,"Asset 2",-0.0248511327478826
2020-12-02,"Asset 2",0.00383384716836588
2020-12-03,"Asset 2",0.0078268631934153
2020-12-04,"Asset 2",-0.00264285826728002
2020-12-07,"Asset 2",-0.00506224058533454
2020-12-08,"Asset 2",-0.00339693887088764
2020-12-09,"Asset 2",-0.00789912791997892
2020-12-10,"Asset 2",0.00493091324677502
2020-12-11,"Asset 2",-0.0133721750232145
2020-12-14,"Asset 2",-0.0117487780433822
2020-12-15,"Asset 2",0.0152875589631972
2020-12-16,"Asset 2",-0.00675930549541494
2020-12-17,"Asset 2",-0.00232469437713113
2020-12-18,"Asset 2",-0.00544623496332277
2020-12-21,"Asset 2",0.00204643202836209
2020-12-22,"Asset 2",-0.0179521525994069
2020-12-23,"Asset 2",-0.00819291795501099
2020-12-24,"Asset 2",-0.00241021555602918
2020-12-25,"Asset 2",0.00061259403054944
2020-12-28,"Asset 2",0.000189990053299061
2020-12-29,"Asset 2",0.00478489185048754
2020-12-30,"Asset 2",0.0189517428994963
2020-12-31,"Asset 2",-0.0199720926689779
2021-01-01,"Asset 2",0.0100844798185807
2021-01-04,"Asset 2",-0.0044092057832918
2021-01-05,"Asset 2",-0.0176670125070562
2021-01-06,"Asset 2",-0.00403891558137669
2021-01-07,"Asset 2",-0.00894905244985205
2021-01-08,"Asset 2",0.0109108523223727
2021-01-11,"Asset 2",-0.00339604790109799
2021-01-12,"Asset 2",-0.0157002853947642
2021-01-13,"Asset 2",-0.00671604491212732
2021-01-14,"Asset 2",-9.57051755460001e-06
2021-01-15,"Asset 2",-0.0111252674660008
2021-01-18,"Asset 2",-0.0112127860465921
2021-01-19,"Asset 2",-0.000467612587626822
2021-01-20,"Asset 2",-0.011005113602038
2021-01-21,"Asset 2",0.00807971053016194
2021-01-22,"Asset 2",-0.00455594002895628
2021-01-25,"Asset 2",0.0013973226420296
2021-01-26,"Asset 2",-0.00557430461874696
2021-01-27,"Asset 2",-0.0101754807591408
2021-01-28,"Asset 2",-0.0135721509514349
2021-01-29,"Asset 2",0.00369999435043696
2021-02-01,"Asset 2",0.00215907905696103
2021-02-02,"Asset 2",5.83248092170583e-05
2021-02-03,"Asset 2",6.51334516522508e-05
2021-02-04,"Asset 2",0.00915055275918259
2021-02-05,"Asset 2",0.0104127669950313
2021-02-08,"Asset 2",0.00242325761975642
2021-02-09,"Asset 2",0.00892033480096134
2021-02-10,"Asset 2",0.00683540485192484
2021-02-11,"Asset 2",-0.00874316840831868
2021-02-12,"Asset 2",-0.0112686900762149
2021-02-15,"Asset 2",0.00308954218477662
2021-02-16,"Asset 2",-0.000368948703749516
2021-02-17,"Asset 2",-0.00391463458183607
2021-02-18,"Asset 2",0.0109686426965179
2021-02-19,"Asset 2",0.00307757716342714
2021-02-22,"Asset 2",0.00720566575570412
2021-02-23,"Asset 2",-0.00187040291893416
2021-02-24,"Asset 2",-0.00845304932895104
2021-02-25,"Asset 2",0.00762071205840263
2021-02-26,"Asset 2",0.0181999443757807
2021-03-01,"Asset 2",-0.00100214338040479
2021-03-02,"Asset 2",-0.00380154853435277
2021-03-03,"Asset 2",-0.00541358103259923
2021-03-04,"Asset 2",0.00491899611021147
2021-03-05,"Asset 2",0.0165237065561452
2021-03-08,"Asset 2",0.00981574629882506
2021-03-09,"Asset 2",-0.0161573891063655
2021-03-10,"Asset 2",0.0054574185488643
2021-03-11,"Asset 2",-0.000183252771138474
2021-03-12,"Asset 2",-0.000656924844447625
2021-03-15,"Asset 2",0.00227067534584017
2021-03-16,"Asset 2",-0.00377638533517421
2021-03-17,"Asset 2",0.021450761764544
2021-03-18,"Asset 2",-0.00150341604437288
2021-03-19,"Asset 2",-0.0129681575096564
2021-03-22,"Asset 2",0.00561150674107091
2021-03-23,"Asset 2",0.0206677238671987
2021-03-24,"Asset 2",-0.0137594722002544
2021-03-25,"Asset 2",-0.000106230958123614
2021-03-26,"Asset 2",0.00294614246462669
2021-03-29,"Asset 2",-0.00103876230620864
2021-03-30,"Asset 2",0.000375320673987555
2021-03-31,"Asset 2",0.0116468762300186
2021-04-01,"Asset 2",-0.00236295721534102
2021-04-02,"Asset 2",0.00376498666312554
2021-04-05,"Asset 2",-0.00125999089401882
2021-04-06,"Asset 2",-0.0245764052680007
2021-04-07,"Asset 2",-0.00492402467043842
2021-04-08,"Asset 2",-0.0172313358996164
2021-04-09,"Asset 2",-0.0168390226600152
2021-04-12,"Asset 2",-0.00579831272883958
2021-04-13,"Asset 2",0.00642687079990703
2021-04-14,"Asset 2",-0.0022037749266126
2021-04-15,"Asset 2",0.0108304864208589
2021-04-16,"Asset 2",0.00748310508992536
2021-04-19,"Asset 2",-0.0116776869912168
2021-04-20,"Asset 2",0.0147659026829096
2021-04-21,"Asset 2",0.0016634437962823
2021-04-22,"Asset 2",-0.0147461401402948
2021-04-23,"Asset 2",0.00119621427259445
2021-04-26,"Asset 2",0.00889446611615946
2021-04-27,"Asset 2",0.00423301713727239
2021-04-28,"Asset 2",0.0116060511605702
2021-04-29,"Asset 2",0.0160053200275438
2021-04-30,"Asset 2",0.019617479979846
2021-05-03,"Asset 2",-0.0101501580765462
2021-05-04,"Asset 2",0.0199276471268021
2021-05-05,"Asset 2",-0.014317592643846
2021-05-06,"Asset 2",0.00682217150445334
2021-05-07,"Asset 2",-0.0125309087564941
2021-05-10,"Asset 2",-0.00825305043994056
2021-05-11,"Asset 2",0.010034840627666
2021-05-12,"Asset 2",0.00379991121264052
2021-05-13,"Asset 2",0.0106128075584269
2021-05-14,"Asset 2",-0.0168793703713521
2021-05-17,"Asset 2",0.00329323980976392
2021-05-18,"Asset 2",0.0240928159761482
2021-05-19,"Asset 2",-0.0156867023071108
2021-05-20,"Asset 2",0.00977624664007315
2021-05-21,"Asset 2",0.000127559984667856
2021-05-24,"Asset 2",0.0153900842694173
2021-05-25,"Asset 2",-0.0042131423653252
2021-05-26,"Asset 2",0.00992644408266677
2021-05-27,"Asset 2",-0.00185924274533245
2021-05-28,"Asset 2",-0.00535405163324573
2021-05-31,"Asset 2",-0.0145108004358907
2021-06-01,"Asset 2",0.00757199903042808
2021-06-02,"Asset 2",-0.00490717357035495
2021-06-03,"Asset 2",0.00269624908767193
2021-06-04,"Asset 2",-0.00593095184987304
2021-06-07,"Asset 2",0.0241314618686612
2021-06-08,"Asset 2",-0.0098888577171718
2021-06-09,"Asset 2",0.0101124896767212
2021-06-10,"Asset 2",0.00305083400438038
2021-06-11,"Asset 2",-0.00348502024110868
2021-06-14,"Asset 2",-0.00378799050396101
2021-06-15,"Asset 2",-0.0162041398015374
2021-06-16,"Asset 2",-0.0087116355192791
2021-06-17,"Asset 2",0.0104678032179059
2021-06-18,"Asset 2",0.00366462961781814
2021-06-21,"Asset 2",-0.00941281094786521
2021-06-22,"Asset 2",0.019970972001731
2021-06-23,"Asset 2",0.00867164805684119
2021-06-24,"Asset 2",-0.0160227710753938
2021-06-25,"Asset 2",0.0113803546707086
2021-06-28,"Asset 2",0.000479547235971725
2021-06-29,"Asset 2",-0.00331465726032503
2021-06-30,"Asset 2",0.00653175041997639
2021-07-01,"Asset 2",0.010722322113511
2021-07-02,"Asset 2",-0.0139136077392769
2021-07-05,"Asset 2",-0.0192896646814806
2021-07-06,"Asset 2",0.0144372046743412
2021-07-07,"Asset 2",-0.00774923439979205
2021-07-08,"Asset 2",-0.00956014478688795
2021-07-09,"Asset 2",-0.00977939393455578
2021-07-12,"Asset 2",-0.0166046359108162
2021-07-13,"Asset 2",0.0015070075694722
2021-07-14,"Asset 2",-0.0171220578992831
2021-07-15,"Asset 2",0.00864281889599737
2021-07-16,"Asset 2",-0.00725662011087329
2021-07-19,"Asset 2",-0.0108471099601582
2021-07-20,"Asset 2",0.00797003995187895
2021-07-21,"Asset 2",-0.0015518723535295
2021-07-22,"Asset 2",-0.0207593906724057
2021-07-23,"Asset 2",-0.00319654391415397
2021-07-26,"Asset 2",-0.0264242376495596
2021-07-27,"Asset 2",0.0114186034698404
2021-07-28,"Asset 2",0.00171829653324816
2021-07-29,"Asset 2",0.0022774613716888
2021-07-30,"Asset 2",0.0159211834878949
2021-08-02,"Asset 2",-0.00943382625097254
2021-08-03,"Asset 2",-0.0155414684312277
2021-08-04,"Asset 2",0.0159352542091065
2021-08-05,"Asset 2",0.00197351447806556
2021-08-06,"Asset 2",0.0199859662845886
2021-08-09,"Asset 2",-0.00978907246659418
2021-08-10,"Asset 2",-0.00990036475537687
2021-08-11,"Asset 2",-0.0138841076699809
2021-08-12,"Asset 2",0.00677020585546064
2021-08-13,"Asset 2",-0.00666771575121188
2021-08-16,"Asset 2",-0.0170078905838177
2021-08-17,"Asset 2",-0.00949242134625687
2021-08-18,"Asset 2",-0.00310221804304478
2021-08-19,"Asset 2",-0.00418422568969811
2021-08-20,"Asset 2",-0.00198387834902522
2021-08-23,"Asset 2",-0.00935611755497596
2021-08-24,"Asset 2",-0.00528197607469402
2021-08-25,"Asset 2",0.00797501735925465
2021-08-26,"Asset 2",0.00445729419226956
2021-08-27,"Asset 2",-0.0136596793989417
2021-08-30,"Asset 2",0.0222244882426206
2021-08-31,"Asset 2",-0.0106869058256518
2021-09-01,"Asset 2",0.0211394263311542
2021-09-02,"Asset 2",0.0276878648424001
2021-09-03,"Asset 2",0.00270648459254394
2021-09-06,"Asset 2",0.000817436051249388
2021-09-07,"Asset 2",-0.00812112410733571
2021-09-08,"Asset 2",-0.0154187511909406
2021-09-09,"Asset 2",0.000339321851726634
2021-09-10,"Asset 2",-0.00848105257550743
2021-09-13,"Asset 2",0.0106852208716968
2021-09-14,"Asset 2",0.000395684519642348
2021-09-15,"Asset 2",0.00906926913730026
2021-09-16,"Asset 2",0.00312122554274124
2021-09-17,"Asset 2",0.0135447698836011
2021-09-20,"Asset 2",0.0139036618559673
2021-09-21,"Asset 2",0.00602049048164164
2021-09-22,"Asset 2",0.00608066844611489
2021-09-23,"Asset 2",0.00295030645233543
2021-09-24,"Asset 2",0.0147856445535142
2021-09-27,"Asset 2",-0.00837405297091428
2021-09-28,"Asset 2",-0.00149775263611174
2021-09-29,"Asset 2",0.00982666858428607
2021-09-30,"Asset 2",-0.0144082505097761
2021-10-01,"Asset 2",0.0240562541579321
2021-10-04,"Asset 2",0.00443308631382183
2021-10-05,"Asset 2",0.00977248879808468
2021-10-06,"Asset 2",-0.00404705247969752
2021-10-07,"Asset 2",0.0205007975798413
2021-10-08,"Asset 2",0.00381173524112905
2021-10-11,"Asset 2",0.00602302412058415
2021-10-12,"Asset 2",0.00191378765451128
2021-10-13,"Asset 2",-0.00445630175656716
2021-10-14,"Asset 2",-0.00414601870730927
2021-10-15,"Asset 2",0.00800995543222337
2021-10-18,"Asset 2",0.0089883288643115
2021-10-19,"Asset 2",0.0119435606979585
2021-10-20,"Asset 2",0.00951862775879762
2021-10-21,"Asset 2",0.0145624069139875
2021-10-22,"Asset 2",-0.024352588313868
2021-10-25,"Asset 2",0.00413672991726708
2021-10-26,"Asset 2",0.00321415209497807
2021-10-27,"Asset 2",0.00567916504198398
2021-10-28,"Asset 2",-0.010804787063119
2021-10-29,"Asset 2",-0.0134258417974041
2021-11-01,"Asset 2",0.0147625618417753
2021-11-02,"Asset 2",-0.0057927589142269
2021-11-03,"Asset 2",-0.0210132659995315
2021-11-04,"Asset 2",0.00329177501741733
2021-11-05,"Asset 2",0.00785746595128784
2021-11-08,"Asset 2",0.00249280055713435
2021-11-09,"Asset 2",-0.0101935611722405
2021-11-10,"Asset 2",-0.00583551054205452
2021-11-11,"Asset 2",0.00419633974195742
2021-11-12,"Asset 2",0.00613673754575688
2021-11-15,"Asset 2",-0.00324032511632559
2021-11-16,"Asset 2",0.00282588948688285
2021-11-17,"Asset 2",-0.0187112922528668
2021-11-18,"Asset 2",-0.00514856244979994
2021-11-19,"Asset 2",0.0120126209110276
2021-11-22,"Asset 2",-0.00495190640787374
2021-11-23,"Asset 2",0.016030289589392
2021-11-24,"Asset 2",-0.0149347021685085
2021-11-25,"Asset 2",-0.0152032533458265
2021-11-26,"Asset 2",0.0158973002032426
2021-11-29,"Asset 2",-0.000854095330891745
2021-11-30,"Asset 2",-0.0164340320917298
2021-12-01,"Asset 2",-0.0174983888858816
2021-12-02,"Asset 2",-0.014341664525843
2021-12-03,"Asset 2",0.0136125618713128
2021-12-06,"Asset 2",0.013193939200455
2021-12-07,"Asset 2",-0.00055231412728366
2021-12-08,"Asset 2",0.019083932763768
2021-12-09,"Asset 2",-0.00197603597597969
2021-12-10,"Asset 2",0.00232137055867208
2021-12-13,"Asset 2",-0.00597565782678111
2021-12-14,"Asset 2",-0.00133883091087364
2021-12-15,"Asset 2",-0.00681222303916819
2021-12-16,"Asset 2",0.00977493982529159
2021-12-17,"Asset 2",-0.00195237053935821
2021-12-20,"Asset 2",0.00808987878596297
2021-12-21,"Asset 2",-0.0295078934482274
2021-12-22,"Asset 2",0.00145024595896652
2021-12-23,"Asset 2",-0.00932461072203592
2021-12-24,"Asset 2",0.00541333655483783
2021-12-27,"Asset 2",0.00722367743694516
2021-12-28,"Asset 2",-0.0123517610185665
2021-12-29,"Asset 2",0.0160059183724252
2021-12-30,"Asset 2",-0.0032023467522191
2021-12-31,"Asset 2",0.00753829212002674
2022-01-03,"Asset 2",0.00279976703450327
2022-01-04,"Asset 2",0.0278472013658651
2022-01-05,"Asset 2",0.0112715338738151
2022-01-06,"Asset 2",0.0146969469390687
2022-01-07,"Asset 2",0.00588917279462522
2022-01-10,"Asset 2",-0.0191755990425908
2022-01-11,"Asset 2",-0.00266777654103065
2022-01-12,"Asset 2",0.0059210960611544
2022-01-13,"Asset 2",-0.0213048086767226
2022-01-14,"Asset 2",-9.36641566859975e-05
2022-01-17,"Asset 2",-0.00369323812955125
2022-01-18,"Asset 2",-0.0189266106574911
2022-01-19,"Asset 2",0.00317492790933871
2022-01-20,"Asset 2",-0.00756156938743821
2022-01-21,"Asset 2",-0.0135973363767874
2022-01-24,"Asset 2",0.00966938218400871
2022-01-25,"Asset 2",0.00426336927903059
2022-01-26,"Asset 2",-0.0156022806330454
2022-01-27,"Asset 2",0.0102391446589831
2022-01-28,"Asset 2",-0.010452598931996
2022-01-31,"Asset 2",-0.0208344042316067
2022-02-01,"Asset 2",0.00376717378475845
2022-02-02,"Asset 2",0.00384117962323132
2022-02-03,"Asset 2",-0.0142408809332543
2022-02-04,"Asset 2",-0.00662930319215185
2022-02-07,"Asset 2",0.010886698492862
2022-02-08,"Asset 2",0.0154199311349483
2022-02-09,"Asset 2",-0.00927833709996312
2022-02-10,"Asset 2",-0.0122914264554788
2022-02-11,"Asset 2",-0.00567908690855208
2022-02-14,"Asset 2",-0.00481419438300536
2022-02-15,"Asset 2",-0.0142999249569407
2022-02-16,"Asset 2",-0.00157646408696564
2022-02-17,"Asset 2",0.0133024044280551
2022-02-18,"Asset 2",0.00258491095141949
2022-02-21,"Asset 2",-0.00229165251783842
2022-02-22,"Asset 2",0.000703606782370949
2022-02-23,"Asset 2",-0.0144477278855365
2022-02-24,"Asset 2",-0.00516973683494112
2022-02-25,"Asset 2",0.0125433669406119
2022-02-28,"Asset 2",-0.0096708670868179
2022-03-01,"Asset 2",-0.0198521016940514
2022-03-02,"Asset 2",-0.00065068105152858
2022-03-03,"Asset 2",-0.0141193070458455
2022-03-04,"Asset 2",0.0156871132479849
2022-03-07,"Asset 2",-0.00304473151135549
2022-03-08,"Asset 2",0.00904649734764877
2022-03-09,"Asset 2",0.0198217825315173
2022-03-10,"Asset 2",0.0132843919974387
2022-03-11,"Asset 2",0.00373205793060905
2022-03-14,"Asset 2",-0.000903547327279219
2022-03-15,"Asset 2",-0.00207864793191011
2022-03-16,"Asset 2",-0.0136920767935504
2022-03-17,"Asset 2",0.000424357336058481
2022-03-18,"Asset 2",-0.0141541630807482
2022-03-21,"Asset 2",-0.0287786226609414
2022-03-22,"Asset 2",0.0153081944176928
2022-03-23,"Asset 2",0.0184187160986022
2022-03-24,"Asset 2",0.00298806707699189
2022-03-25,"Asset 2",-0.00513744723290349
2022-03-28,"Asset 2",-0.00655063810718507
2022-03-29,"Asset 2",-0.00289020073451668
2022-03-30,"Asset 2",0.0147449888738928
2022-03-31,"Asset 2",0.000807474737659438
2022-04-01,"Asset 2",0.00730249993804241
2022-04-04,"Asset 2",-0.00548474792102223
2022-04-05,"Asset 2",0.00179372175178025
2022-04-06,"Asset 2",0.0118737320656788
2022-04-07,"Asset 2",-0.0109564921626113
2022-04-08,"Asset 2",-0.0129249979384567
2022-04-11,"Asset 2",-0.011859895411323
2022-04-12,"Asset 2",-0.0134427073896748
2022-04-13,"Asset 2",-0.00777903967948092
2022-04-14,"Asset 2",-0.0123801227714651
2022-04-15,"Asset 2",0.0265336523510107
2022-04-18,"Asset 2",0.00555706979920643
2022-04-19,"Asset 2",0.0065518639628422
2022-04-20,"Asset 2",0.0120238395963275
2022-04-21,"Asset 2",-0.00217800781606243
2022-04-22,"Asset 2",0.0223232865424683
2022-04-25,"Asset 2",0.00734651940491541
2022-04-26,"Asset 2",0.0014528359659483
2022-04-27,"Asset 2",-0.0151777325323954
2022-04-28,"Asset 2",0.00107242941292691
2022-04-29,"Asset 2",0.0198745103952895
2022-05-02,"Asset 2",-0.0218532633024392
2022-05-03,"Asset 2",-0.00538338627759772
2022-05-04,"Asset 2",-0.00558461464576439
2022-05-05,"Asset 2",0.00644080236433481
2022-05-06,"Asset 2",0.0160268811170078
2022-05-09,"Asset 2",0.00936258967558829
2022-05-10,"Asset 2",0.00129876926451282
2022-05-11,"Asset 2",-0.000767232976657475
2022-05-12,"Asset 2",0.00572075734412014
2022-05-13,"Asset 2",0.0180222012156267
2022-05-16,"Asset 2",-0.0153321854482972
2022-05-17,"Asset 2",0.00826844557280809
2022-05-18,"Asset 2",0.00491480813031182
2022-05-19,"Asset 2",-0.0007200361383356
2022-05-20,"Asset 2",0.00425332492643687
2022-05-23,"Asset 2",-0.00865156667344279
2022-05-24,"Asset 2",0.00946065298730566
2022-05-25,"Asset 2",0.0245651896970287
2022-05-26,"Asset 2",0.0228007180727785
2022-05-27,"Asset 2",-0.0059993041982477
2022-05-30,"Asset 2",-0.0282459528324994
2022-05-31,"Asset 2",0.0179703137812269
2022-06-01,"Asset 2",0.0104592351083317
2022-06-02,"Asset 2",0.013088011058095
2022-06-03,"Asset 2",-0.0126557601763205
2022-06-06,"Asset 2",0.0172674003871384
2022-06-07,"Asset 2",-0.00620236741452085
2022-06-08,"Asset 2",0.00278817536394458
2022-06-09,"Asset 2",-0.011920313667979
2022-06-10,"Asset 2",-0.00121081475661749
2022-06-13,"Asset 2",0.00110657781101981
2022-06-14,"Asset 2",0.00275537097177762
2022-06-15,"Asset 2",-0.00763684452647042
2022-06-16,"Asset 2",0.00355655196234861
2022-06-17,"Asset 2",0.00422956575075367
2022-06-20,"Asset 2",0.00440064658396457
2022-06-21,"Asset 2",-0.0175720793222962
2022-06-22,"Asset 2",-0.00936893304701913
2022-06-23,"Asset 2",0.00621178554748124
2022-06-24,"Asset 2",-0.00974660829782356
2022-06-27,"Asset 2",0.000360701790605648
2022-06-28,"Asset 2",0.00520165826712373
2022-06-29,"Asset 2",-0.000817063463357769
2022-06-30,"Asset 2",0.0173307127307161
2022-07-01,"Asset 2",0.0061922582579724
2022-07-04,"Asset 2",0.0166564868178324
2022-07-05,"Asset 2",-0.000327421884328392
2022-07-06,"Asset 2",0.00917772336229206
2022-07-07,"Asset 2",0.000670466858909094
2022-07-08,"Asset 2",0.0108266163521168
2022-07-11,"Asset 2",-0.0183524351443071
2022-07-12,"Asset 2",-0.0137461420781854
2022-07-13,"Asset 2",0.0155854207624676
2022-07-14,"Asset 2",0.00449805620356101
2022-07-15,"Asset 2",-0.0102502222875232
2022-07-18,"Asset 2",-0.0128069041787919
2022-07-19,"Asset 2",-0.00168975137376154
2022-07-20,"Asset 2",-0.00556615791792143
2022-07-21,"Asset 2",-0.0116962865025549
2022-07-22,"Asset 2",-0.00418461459964684
2022-07-25,"Asset 2",-0.00855403575248313
2022-07-26,"Asset 2",-0.00817963521953584
2022-07-27,"Asset 2",0.00655219018601773
2022-07-28,"Asset 2",-0.00734390950820426
2022-07-29,"Asset 2",-0.0232802655814156
2022-08-01,"Asset 2",-0.00916121559429023
2022-08-02,"Asset 2",-0.0147218414782867
2022-08-03,"Asset 2",0.017220236717276
2022-08-04,"Asset 2",0.0164034383041312
2022-08-05,"Asset 2",-0.0217659208032969
2022-08-08,"Asset 2",-0.019355137561617
2022-08-09,"Asset 2",-0.0121143806648308
2022-08-10,"Asset 2",0.00554823653439249
2022-08-11,"Asset 2",-0.0148550708173412
2022-08-12,"Asset 2",0.0212371425063679
2022-08-15,"Asset 2",0.00284848630745735
2022-08-16,"Asset 2",-0.000643033888157562
2022-08-17,"Asset 2",0.00500498413294118
2022-08-18,"Asset 2",-0.0041823214553695
2022-08-19,"Asset 2",0.00826901099167725
2022-08-22,"Asset 2",0.0236737748622447
2022-08-23,"Asset 2",-0.0295816014483992
2022-08-24,"Asset 2",-0.0021781394878302
2022-08-25,"Asset 2",0.00054510618251947
2022-08-26,"Asset 2",0.00380827004161186
2022-08-29,"Asset 2",-0.00331851972411529
2022-08-30,"Asset 2",-0.020588014611603
2022-08-31,"Asset 2",0.0130080706670743
2022-09-01,"Asset 2",0.0192002117079467
2022-09-02,"Asset 2",-0.00113946735547263
2022-09-05,"Asset 2",-0.0120529528245451
2022-09-06,"Asset 2",0.00353046535363681
2022-09-07,"Asset 2",0.0168872817749157
2022-09-08,"Asset 2",-0.00699201321495938
2022-09-09,"Asset 2",0.00867286430059355
2022-09-12,"Asset 2",0.00337205346979165
2022-09-13,"Asset 2",-0.00376035997427923
2022-09-14,"Asset 2",-0.018611502870366
2022-09-15,"Asset 2",0.0174701981059265
2022-09-16,"Asset 2",0.0222975220797389
2022-09-19,"Asset 2",-0.00222931245955727
2022-09-20,"Asset 2",-0.0345504839093679
2022-09-21,"Asset 2",-0.00492544326974071
2022-09-22,"Asset 2",-0.0143449152566123
2022-09-23,"Asset 2",-0.0173140497817658
2022-09-26,"Asset 2",-0.00596183828951028
2022-09-27,"Asset 2",-0.00787518497932815
2022-09-28,"Asset 2",0.00877551779899466
2022-09-29,"Asset 2",0.00562274576643157
2022-09-30,"Asset 2",-0.00490673012214727
2022-10-03,"Asset 2",-0.0222042003450397
2022-10-04,"Asset 2",-0.0226594436227936
2022-10-05,"Asset 2",0.000948160124924567
2022-10-06,"Asset 2",-0.0137940843322934
2022-10-07,"Asset 2",-0.00230850255794173
2022-10-10,"Asset 2",-0.00452710867245209
2022-10-11,"Asset 2",0.0153493849199013
2022-10-12,"Asset 2",0.0127036698572517
2022-10-13,"Asset 2",0.0118380346377181
2022-10-14,"Asset 2",-0.0154329800275575
2022-10-17,"Asset 2",-0.0097251724990685
2022-10-18,"Asset 2",0.00208531667097776
2022-10-19,"Asset 2",-0.00829165473301404
2022-10-20,"Asset 2",-0.0131514315231183
2022-10-21,"Asset 2",-0.00395667859313466
2022-10-24,"Asset 2",-0.00243825824451041
2022-10-25,"Asset 2",0.00762687023644615
2022-10-26,"Asset 2",0.000642910508399966
2022-10-27,"Asset 2",-0.0129503453245719
2022-10-28,"Asset 2",-0.00103199714723147
2022-10-31,"Asset 2",-0.00289706180242579
2022-11-01,"Asset 2",0.00795243183131491
2022-11-02,"Asset 2",0.00528852740840502
2022-11-03,"Asset 2",0.00607289703629621
2022-11-04,"Asset 2",-0.00395833522927887
2022-11-07,"Asset 2",-0.00978308390234918
2022-11-08,"Asset 2",-0.00468882888047162
2022-11-09,"Asset 2",0.00440531539328018
2022-11-10,"Asset 2",-0.0092550390383786
2022-11-11,"Asset 2",-0.000873965418312347
2022-11-14,"Asset 2",0.00110128824026317
2022-11-15,"Asset 2",-0.0140489819111609
2022-11-16,"Asset 2",-7.09164684593177e-05
2022-11-17,"Asset 2",0.00661597397929659
2022-11-18,"Asset 2",0.013963426331002
2022-11-21,"Asset 2",-0.0138913359384045
2022-11-22,"Asset 2",-0.0162895683996949
2022-11-23,"Asset 2",-0.00660653956624035
2022-11-24,"Asset 2",0.00830189095296937
2022-11-25,"Asset 2",0.00639989938741753
2022-11-28,"Asset 2",0.00168006339383257
2022-11-29,"Asset 2",-0.0103202537966058
2022-11-30,"Asset 2",-0.0054332946654112
2022-12-01,"Asset 2",-0.0180277668520011
2022-12-02,"Asset 2",-0.0145889764237885
2022-12-05,"Asset 2",-0.0292139634184279
2022-12-06,"Asset 2",-0.0182713614873113
2022-12-07,"Asset 2",-0.0021176882731184
2022-12-08,"Asset 2",-0.0104921320802172
2022-12-09,"Asset 2",-0.0222620255362251
2022-12-12,"Asset 2",0.00643916819917844
2022-12-13,"Asset 2",-0.017712292439399
2022-12-14,"Asset 2",-0.00985233888911083
2022-12-15,"Asset 2",-0.0209925990551745
2022-12-16,"Asset 2",0.0100983072878818
2022-12-19,"Asset 2",0.00595336264197344
2022-12-20,"Asset 2",-0.00733139802365174
2022-12-21,"Asset 2",0.0113701762079723
2022-12-22,"Asset 2",-0.000842348809242613
2022-12-23,"Asset 2",0.000796181411800221
2022-12-26,"Asset 2",0.016565563501486
2022-12-27,"Asset 2",0.0127785442585846
2022-12-28,"Asset 2",0.0194853219845007
2022-12-29,"Asset 2",0.0090865721349482
2022-12-30,"Asset 2",0.0070384400375056
2023-01-02,"Asset 2",0.00895841097228188
2023-01-03,"Asset 2",0.00461572301612581
2023-01-04,"Asset 2",-0.0125783313016956
2023-01-05,"Asset 2",-0.00492691531408458
2023-01-06,"Asset 2",-0.00449220944107328
2023-01-09,"Asset 2",0.00446278811194052
2023-01-10,"Asset 2",-0.00335449749613419
2023-01-11,"Asset 2",0.0068908800177137
2023-01-12,"Asset 2",-0.00162299182157382
2023-01-13,"Asset 2",-0.00300351677296197
2023-01-16,"Asset 2",-0.00497439219546564
2023-01-17,"Asset 2",-0.0149620281253864
2023-01-18,"Asset 2",-0.0101510220059186
2023-01-19,"Asset 2",0.0261470778083242
2023-01-20,"Asset 2",0.00343204748770599
2023-01-23,"Asset 2",-0.00971290282527269
2023-01-24,"Asset 2",-0.00109406951614902
2023-01-25,"Asset 2",0.0084900382214147
2023-01-26,"Asset 2",0.00162578037928574
2023-01-27,"Asset 2",0.0251676966505716
2023-01-30,"Asset 2",-0.00823847754234119
2023-01-31,"Asset 2",-0.00174610568453952
2023-02-01,"Asset 2",0.00507958865231154
2023-02-02,"Asset 2",0.00396649431890075
2023-02-03,"Asset 2",-0.0042840904409749
2023-02-06,"Asset 2",5.04633976307545e-05
2023-02-07,"Asset 2",-0.00854608416038686
2023-02-08,"Asset 2",-0.00621419273854051
2023-02-09,"Asset 2",-0.0113691139850294
2023-02-10,"Asset 2",0.00619956730911597
2023-02-13,"Asset 2",-0.00510467674649855
2023-02-14,"Asset 2",0.014402601269768
2023-02-15,"Asset 2",-0.00945081539492057
2023-02-16,"Asset 2",-0.0113048285020982
2023-02-17,"Asset 2",-0.0128196489281793
2023-02-20,"Asset 2",-0.0330976455340642
2023-02-21,"Asset 2",-0.00454125111374811
2023-02-22,"Asset 2",-0.00465255385753365
2023-02-23,"Asset 2",-0.00505300136068504
2023-02-24,"Asset 2",0.0061517233225346
2023-02-27,"Asset 2",-0.00820599452883731
2023-02-28,"Asset 2",0.00864851059746699
2023-03-01,"Asset 2",-0.00108855907380564
2023-03-02,"Asset 2",0.0138485231265755
2023-03-03,"Asset 2",0.0128770119742239
2023-03-06,"Asset 2",-0.00889995327001652
2023-03-07,"Asset 2",0.00910343971018759
2023-03-08,"Asset 2",-0.00549272481040683
2023-03-09,"Asset 2",-0.0154598156555605
2023-03-10,"Asset 2",0.00631451345367576
2023-03-13,"Asset 2",-0.0095791905506463
2023-03-14,"Asset 2",-0.0211694456960238
2023-03-15,"Asset 2",0.00597050359017252
2023-03-16,"Asset 2",-0.00228726927843264
2023-03-17,"Asset 2",0.00588717112133194
2023-03-20,"Asset 2",0.000681813774884436
2023-03-21,"Asset 2",-0.0193516093252257
2023-03-22,"Asset 2",0.00736941522081283
2023-03-23,"Asset 2",-0.0124463340924524
2023-03-24,"Asset 2",-0.00229555198896601
2023-03-27,"Asset 2",0.00818401961779793
2023-03-28,"Asset 2",-0.00834641672325371
2023-03-29,"Asset 2",-0.0154333172956919
2023-03-30,"Asset 2",-0.00674145867480226
2023-03-31,"Asset 2",0.0121068732369336
2023-04-03,"Asset 2",-0.00285530566112953
2023-04-04,"Asset 2",3.0597807405928e-05
2023-04-05,"Asset 2",0.0110681778415827
2023-04-06,"Asset 2",-0.0111831972916248
2023-04-07,"Asset 2",-0.0072492967248531
2023-04-10,"Asset 2",0.0238403101235288
2023-04-11,"Asset 2",0.00877229951074043
2023-04-12,"Asset 2",-0.00469220616242249
2023-04-13,"Asset 2",0.00569404002532035
2023-04-14,"Asset 2",0.00766567513363064
2023-04-17,"Asset 2",-0.00404234155830117
2023-04-18,"Asset 2",0.0122239586917559
2023-04-19,"Asset 2",-0.00355720076712477
2023-04-20,"Asset 2",-0.00432263527192345
2023-04-21,"Asset 2",0.0098973716502104
2023-04-24,"Asset 2",-0.0167464952580354
2023-04-25,"Asset 2",0.00165631777209295
2023-04-26,"Asset 2",0.0149609157271375
2023-04-27,"Asset 2",0.003666288608774
2023-04-28,"Asset 2",-0.00538306450836013
2023-05-01,"Asset 2",0.00479679484168011
2023-05-02,"Asset 2",0.0198359499657734
2023-05-03,"Asset 2",0.00115545606453756
2023-05-04,"Asset 2",0.0022215199917601
2023-05-05,"Asset 2",0.00305251013024825
2023-05-08,"Asset 2",0.00576460719163087
2023-05-09,"Asset 2",0.018868778120175
2023-05-10,"Asset 2",0.00798028044693373
2023-05-11,"Asset 2",-0.00383090011668315
2023-05-12,"Asset 2",0.016951259344609
2023-05-15,"Asset 2",-0.020467918050178
2023-05-16,"Asset 2",0.00154989765493366
2023-05-17,"Asset 2",-0.00541192390645724
2023-05-18,"Asset 2",0.0014572445867914
2023-05-19,"Asset 2",0.00987610969570386
2023-05-22,"Asset 2",0.00615586814240045
2023-05-23,"Asset 2",-0.014963285327215
2023-05-24,"Asset 2",0.0245055845387213
2023-05-25,"Asset 2",-0.0123637566106807
2023-05-26,"Asset 2",0.0046031617456004
2023-05-29,"Asset 2",-0.00384031200792528
2023-05-30,"Asset 2",0.00886247411492475
2023-05-31,"Asset 2",-0.0135426257112399
2023-06-01,"Asset 2",-0.0129469455775713
2023-06-02,"Asset 2",-0.00196514742630014
2023-06-05,"Asset 2",-0.00279712265295602
2023-06-06,"Asset 2",-0.00967621434509092
2023-06-07,"Asset 2",-0.000955636996255481
2023-06-08,"Asset 2",0.0154256884228258
2023-06-09,"Asset 2",0.0144091394642036
2023-06-12,"Asset 2",0.000572943398941557
2023-06-13,"Asset 2",-0.0078859241980366
2023-06-14,"Asset 2",-0.0093629806963482
2023-06-15,"Asset 2",-0.00430040556041213
2023-06-16,"Asset 2",0.00787697630798356
2023-06-19,"Asset 2",0.0176999013230851
2023-06-20,"Asset 2",0.0272691932074121
2023-06-21,"Asset 2",0.00423141172895426
2023-06-22,"Asset 2",-0.00623093874006427
2023-06-23,"Asset 2",-0.000764541073078083
2023-06-26,"Asset 2",0.0301798011734927
2023-06-27,"Asset 2",0.0164340456655042
2023-06-28,"Asset 2",-0.00555049589310324
2023-06-29,"Asset 2",0.00848988920769952
2023-06-30,"Asset 2",-1.93281898491552e-05
2023-07-03,"Asset 2",-0.00365596414914333
2023-07-04,"Asset 2",0.00582470614751192
2023-07-05,"Asset 2",-0.0315563741546001
2023-07-06,"Asset 2",-0.00195240250952958
2023-07-07,"Asset 2",0.00202911039253807
2023-07-10,"Asset 2",0.0128541657773461
2023-07-11,"Asset 2",0.0181236056472935
2023-07-12,"Asset 2",0.0086112776741969
2023-07-13,"Asset 2",-0.0215044323378943
2023-07-14,"Asset 2",0.00362059670165187
2023-07-17,"Asset 2",-0.00599344988749048
2023-07-18,"Asset 2",0.00191670224088953
2023-07-19,"Asset 2",0.00561066001332843
2023-07-20,"Asset 2",0.0149002976153734
2023-07-21,"Asset 2",0.00721414317483654
2023-07-24,"Asset 2",0.005898324193019
2023-07-25,"Asset 2",0.0162800035486819
2023-07-26,"Asset 2",0.00502511370390058
2023-07-27,"Asset 2",-0.000558979439815467
2023-07-28,"Asset 2",0.000987645234982389
2023-07-31,"Asset 2",-0.00198920840934771
2023-08-01,"Asset 2",0.00570054665320618
2023-08-02,"Asset 2",-0.00410175532832258
2023-08-03,"Asset 2",0.0192523450369707
2023-08-04,"Asset 2",0.00628662334154061
2023-08-07,"Asset 2",0.0033168331661512
2023-08-08,"Asset 2",-0.0103900693662307
2023-08-09,"Asset 2",-0.017589636007622
2023-08-10,"Asset 2",-0.00315011202641585
2023-08-11,"Asset 2",0.0234471674081492
2023-08-14,"Asset 2",0.0163961037199641
2023-08-15,"Asset 2",0.0176976290882729
2023-08-16,"Asset 2",0.0223572312072899
2023-08-17,"Asset 2",0.0242931856690065
2023-08-18,"Asset 2",-0.000689332664891724
2023-08-21,"Asset 2",-0.0231897311775181
2023-08-22,"Asset 2",0.00520824313078185
2023-08-23,"Asset 2",0.00830339245311356
2023-08-24,"Asset 2",0.00738882674777269
2023-08-25,"Asset 2",0.00714400429347581
2023-08-28,"Asset 2",0.0115746690885224
2023-08-29,"Asset 2",0.00574864051314172
2023-08-30,"Asset 2",-0.010452084913515
2023-08-31,"Asset 2",-0.00256619681289549
2023-09-01,"Asset 2",-0.0212378109919855
2023-09-04,"Asset 2",-0.00603659775163006
2023-09-05,"Asset 2",0.0102837817014219
2023-09-06,"Asset 2",0.00978698615717523
2023-09-07,"Asset 2",-0.0127693779730933
2023-09-08,"Asset 2",0.0101071253583372
2023-09-11,"Asset 2",-0.0213648568697422
2023-09-12,"Asset 2",0.0144642092537494
2023-09-13,"Asset 2",0.0023365947107817
2023-09-14,"Asset 2",0.00195320035786222
2023-09-15,"Asset 2",0.0162751817919364
2023-09-18,"Asset 2",-0.00320914333841274
2023-09-19,"Asset 2",-0.000450246038339422
2023-09-20,"Asset 2",0.0110546645065051
2023-09-21,"Asset 2",-0.00635987274061207
2023-09-22,"Asset 2",0.0200219938759245
2023-09-25,"Asset 2",0.00994773608027684
2023-09-26,"Asset 2",0.00187758630682453
2023-09-27,"Asset 2",0.00215885671113135
2023-09-28,"Asset 2",0.00140585120123323
2023-09-29,"Asset 2",0.00880610627360128
2023-10-02,"Asset 2",-0.00652115736124506
2023-10-03,"Asset 2",-0.00562776722172396
2023-10-04,"Asset 2",0.00648727173483953
2023-10-05,"Asset 2",0.000429449177396747
2023-10-06,"Asset 2",0.00600564241995409
2023-10-09,"Asset 2",-0.00141341435053067
2023-10-10,"Asset 2",0.00152702292714032
2023-10-11,"Asset 2",0.0127172909652823
2023-10-12,"Asset 2",-0.00629675996198851
2023-10-13,"Asset 2",-0.0187539485249299
2023-10-16,"Asset 2",-0.00285529200330361
2023-10-17,"Asset 2",0.00676672022682363
2023-10-18,"Asset 2",-0.0130797974707497
2023-10-19,"Asset 2",0.0158065406473346
2023-10-20,"Asset 2",-8.82151632831295e-05
2023-10-23,"Asset 2",-0.0102730181137647
2023-10-24,"Asset 2",-0.00459644105530698
2023-10-25,"Asset 2",-0.00474355521305666
2023-10-26,"Asset 2",0.0226435925573725
2023-10-27,"Asset 2",-0.0130312372164752
2023-10-30,"Asset 2",0.0082752388763947
2023-10-31,"Asset 2",0.0131483847466404
2023-11-01,"Asset 2",-0.0285371163497356
2023-11-02,"Asset 2",-0.0197549143251384
2023-11-03,"Asset 2",-0.00416857878931579
2023-11-06,"Asset 2",-0.0131873798635601
2023-11-07,"Asset 2",0.0268927554728086
2023-11-08,"Asset 2",0.0142984541021869
2023-11-09,"Asset 2",-0.0157929895676685
2023-11-10,"Asset 2",0.00975545379419284
2023-11-13,"Asset 2",-0.00648461828238364
2023-11-14,"Asset 2",0.00800775339455566
2023-11-15,"Asset 2",0.00138123479096098
2023-11-16,"Asset 2",0.0157583264598651
2023-11-17,"Asset 2",0.0134835883111789
2023-11-20,"Asset 2",0.0130532212619585
2023-11-21,"Asset 2",0.0162554480739552
2023-11-22,"Asset 2",0.0221942428552087
2023-11-23,"Asset 2",-0.00226057872460547
2023-11-24,"Asset 2",0.020357479057549
2023-11-27,"Asset 2",0.0119209602521502
2023-11-28,"Asset 2",-0.000400186237594254
2023-11-29,"Asset 2",0.0103257689772685
2023-11-30,"Asset 2",0.00356781889149011
2023-12-01,"Asset 2",-0.00354937593883833
2023-12-04,"Asset 2",-0.00594882809509672
2023-12-05,"Asset 2",0.00696519065696924
2023-12-06,"Asset 2",-0.00191350480995498
2023-12-07,"Asset 2",-0.00748638399277472
2023-12-08,"Asset 2",0.00765143675959375
2023-12-11,"Asset 2",0.0122557097708013
2023-12-12,"Asset 2",0.0103730832678029
2023-12-13,"Asset 2",0.014695485533376
2023-12-14,"Asset 2",-0.00237794016729985
2023-12-15,"Asset 2",0.00551973514627392
2023-12-18,"Asset 2",-0.00631686493676808
2023-12-19,"Asset 2",-0.0152783169046494
2023-12-20,"Asset 2",0.00751030393550502
2023-12-21,"Asset 2",-0.00883669790244252
2023-12-22,"Asset 2",0.0163208287769003
2023-12-25,"Asset 2",0.00895182989826586
2023-12-26,"Asset 2",-0.0032381095918243
2023-12-27,"Asset 2",0.00394679328668275
2023-12-28,"Asset 2",0.0151268275142518
2023-12-29,"Asset 2",0.00263270757555981
2024-01-01,"Asset 2",-0.00182186204943469
2024-01-02,"Asset 2",-0.0171890302589222
2024-01-03,"Asset 2",-0.00987226030291515
2024-01-04,"Asset 2",0.00240212982751429
2024-01-05,"Asset 2",0.00798867888083501
2024-01-08,"Asset 2",0.00980240080263179
2024-01-09,"Asset 2",0.0149261553313753
2024-01-10,"Asset 2",0.0181019958053698
2024-01-11,"Asset 2",-0.0146935826159054
2024-01-12,"Asset 2",0.0291301998924011
2024-01-15,"Asset 2",-0.0205980007681995
2024-01-16,"Asset 2",0.0246325358951946
2024-01-17,"Asset 2",-0.00668793116310509
2024-01-18,"Asset 2",-0.00523934193805726
2024-01-19,"Asset 2",0.00157799783872052
2024-01-22,"Asset 2",-0.00536111920780791
2024-01-23,"Asset 2",-0.00435836123267294
2024-01-24,"Asset 2",0.00174534808640085
2024-01-25,"Asset 2",0.0258729802720831
2024-01-26,"Asset 2",0.000202143709728773
2024-01-29,"Asset 2",0.00858534195835001
2024-01-30,"Asset 2",0.0160597906285491
2024-01-31,"Asset 2",-0.00536959303524406
2024-02-01,"Asset 2",-0.00959976489208639
2024-02-02,"Asset 2",-0.0117030827435958
2024-02-05,"Asset 2",0.00205408597667597
2024-02-06,"Asset 2",-0.00803986693986351
2024-02-07,"Asset 2",-0.0198553369412497
2024-02-08,"Asset 2",0.00998972669988888
2024-02-09,"Asset 2",0.0175606819406129
2024-02-12,"Asset 2",0.00225095918002994
2024-02-13,"Asset 2",-0.00980754533129153
2024-02-14,"Asset 2",0.0099240372188609
2024-02-15,"Asset 2",-0.00953011181276172
2024-02-16,"Asset 2",0.00561763917109949
2024-02-19,"Asset 2",0.00503288453679329
2024-02-20,"Asset 2",-0.012438907228456
2024-02-21,"Asset 2",-0.00591411998204746
2024-02-22,"Asset 2",-0.0134908593686075
2024-02-23,"Asset 2",0.00911519745413986
2024-02-26,"Asset 2",-0.0066726195356867
2024-02-27,"Asset 2",0.00595125712761767
2024-02-28,"Asset 2",0.00993143604725765
2024-02-29,"Asset 2",-0.0127405063131503
2024-03-01,"Asset 2",0.0301490744031221
2024-03-04,"Asset 2",-0.00625707586608347
2024-03-05,"Asset 2",0.0280390512702599
2024-03-06,"Asset 2",0.0127797830039074
2024-03-07,"Asset 2",0.00295624039399232
2024-03-08,"Asset 2",-0.0179200191144758
2024-03-11,"Asset 2",-0.0119902283411003
2024-03-12,"Asset 2",0.00928706616146346
2024-03-13,"Asset 2",0.0166369899245996
2024-03-14,"Asset 2",-0.000417834839705928
2024-03-15,"Asset 2",-0.00438323222058031
2024-03-18,"Asset 2",0.0200386386662885
2024-03-19,"Asset 2",0.0075496326180658
2024-03-20,"Asset 2",-0.00120727625079714
2024-03-21,"Asset 2",-0.0162207985301919
2024-03-22,"Asset 2",-0.00864832312476355
2024-03-25,"Asset 2",0.000102795276675014
2024-03-26,"Asset 2",-0.00466403964211319
2024-03-27,"Asset 2",-0.0225204110133023
2024-03-28,"Asset 2",0.00215624233650576
2024-03-29,"Asset 2",-0.00221514746273026
2024-04-01,"Asset 2",-0.0203063606540034
2024-04-02,"Asset 2",0.0142795590080937
2024-04-03,"Asset 2",0.00953024853474621
2024-04-04,"Asset 2",-0.0197162632663165
2024-04-05,"Asset 2",-0.00669542258474441
2024-04-08,"Asset 2",-0.00545582531965112
2024-04-09,"Asset 2",-0.0119414256301724
2024-04-10,"Asset 2",0.00240370736358582
2024-04-11,"Asset 2",0.0108050976261208
2024-04-12,"Asset 2",0.000434165959400598
2024-04-15,"Asset 2",-0.0135765691504339
2024-04-16,"Asset 2",0.0159048960158168
2024-04-17,"Asset 2",0.00466425639188365
2024-04-18,"Asset 2",-0.000247849002356764
2024-04-19,"Asset 2",0.00319665372978033
2024-04-22,"Asset 2",0.0176875420527825
2024-04-23,"Asset 2",0.00527320649970587
2024-04-24,"Asset 2",-0.0210680980872198
2024-04-25,"Asset 2",-0.00036208628988303
2024-04-26,"Asset 2",0.00838328204677206
2024-04-29,"Asset 2",0.0164243706269905
2024-04-30,"Asset 2",-0.0136405231919497
2024-05-01,"Asset 2",0.000358849144519132
2024-05-02,"Asset 2",-0.00459755421253925
2024-05-03,"Asset 2",-0.00536541900048554
2024-05-06,"Asset 2",0.026432659290239
2024-05-07,"Asset 2",-0.00973013521027451
2024-05-08,"Asset 2",0.00621644645158236
2024-05-09,"Asset 2",0.00455782037623742
2024-05-10,"Asset 2",0.00974989457934106
2024-05-13,"Asset 2",-0.010428654170777
2024-05-14,"Asset 2",-0.0109729565183555
2024-05-15,"Asset 2",-0.0160453895345716
2024-05-16,"Asset 2",0.00106996739785173
2024-05-17,"Asset 2",0.00563962550545343
2024-05-20,"Asset 2",0.0014884478123593
2024-05-21,"Asset 2",0.00854026018968054
2024-05-22,"Asset 2",0.0018270298943278
2024-05-23,"Asset 2",-0.0114692911312074
2024-05-24,"Asset 2",0.0160046398235099
2024-05-27,"Asset 2",0.00151020769922697
2024-05-28,"Asset 2",0.0129320114353549
2024-05-29,"Asset 2",-0.0366950606501752
2024-05-30,"Asset 2",-0.00458517136452322
2024-05-31,"Asset 2",-0.0151683314496472
2024-06-03,"Asset 2",-0.011079745420387
2024-06-04,"Asset 2",0.000885191340476108
2024-06-05,"Asset 2",-0.0195491678233416
2024-06-06,"Asset 2",0.00251289642932723
2024-06-07,"Asset 2",-0.00342885370660778
2024-06-10,"Asset 2",0.00235721789160497
2024-06-11,"Asset 2",-0.00249119483014405
2024-06-12,"Asset 2",-0.00740796397398929
2024-06-13,"Asset 2",-0.00302377977581041
2024-06-14,"Asset 2",-0.00498964584245638
2024-06-17,"Asset 2",-0.0100165701651231
2024-06-18,"Asset 2",0.00577670874289914
2024-06-19,"Asset 2",-0.00825391557777543
2024-06-20,"Asset 2",-0.00013829363483184
2024-06-21,"Asset 2",0.000615313314814418
2024-06-24,"Asset 2",-0.0140516761160689
2024-06-25,"Asset 2",0.00223833868389079
2024-06-26,"Asset 2",0.00987783021646518
2024-06-27,"Asset 2",0.00862837828355606
2024-06-28,"Asset 2",-0.0162240551884231
2024-07-01,"Asset 2",0.0117973784082265
2024-07-02,"Asset 2",-0.00395481648750256
2024-07-03,"Asset 2",0.00548529904369594
2024-07-04,"Asset 2",0.0172742065707827
2024-07-05,"Asset 2",-0.00771392766018801
2024-07-08,"Asset 2",0.00844588312984668
2024-07-09,"Asset 2",0.00839240588365951
2024-07-10,"Asset 2",0.00376659267421969
2024-07-11,"Asset 2",0.0127894231730441
2024-07-12,"Asset 2",-0.00837660518412641
2024-07-15,"Asset 2",0.027855297420787
2024-07-16,"Asset 2",-0.00107132570895018
2024-07-17,"Asset 2",-0.00119714299755451
2024-07-18,"Asset 2",-0.0226122611138352
2024-07-19,"Asset 2",-0.0152635049614482
2024-07-22,"Asset 2",0.0160060033904234
2024-07-23,"Asset 2",0.00360588002142786
2024-07-24,"Asset 2",-0.00377754435445053
2024-07-25,"Asset 2",0.00130316286813671
2024-07-26,"Asset 2",0.008481337876403
2024-07-29,"Asset 2",0.0040953053778471
2024-07-30,"Asset 2",0.0124161103771047
2024-07-31,"Asset 2",-0.0011121434358664
2024-08-01,"Asset 2",-0.0197969701589071
2024-08-02,"Asset 2",0.0280375446889416
2024-08-05,"Asset 2",0.00465848089200821
2024-08-06,"Asset 2",-0.0119981580600077
2024-08-07,"Asset 2",0.0155282779730493
2024-08-08,"Asset 2",0.00688603780299675
2024-08-09,"Asset 2",0.00641355682469326
2024-08-12,"Asset 2",0.00586273581027256
2024-08-13,"Asset 2",0.00638717595594975
2024-08-14,"Asset 2",0.0108612484511154
2024-08-15,"Asset 2",-0.0076092375346072
2024-08-16,"Asset 2",0.00265877010133906
2024-08-19,"Asset 2",0.00492132810053555
2024-08-20,"Asset 2",0.000659762652943199
2024-08-21,"Asset 2",-0.00237413817018034
2024-08-22,"Asset 2",-0.0103982606825548
2024-08-23,"Asset 2",0.0127741041284159
2024-08-26,"Asset 2",0.00842274099906274
2024-08-27,"Asset 2",0.0204779087005415
2024-08-28,"Asset 2",-0.00532573089242406
2024-08-29,"Asset 2",0.0132249324060779
2024-08-30,"Asset 2",0.0138526262532549
2024-09-02,"Asset 2",0.0048727765844441
2024-09-03,"Asset 2",-0.011862256309503
2024-09-04,"Asset 2",-0.0199892992823662
2024-09-05,"Asset 2",0.0123090763373947
2024-09-06,"Asset 2",-0.00774880585961539
2024-09-09,"Asset 2",0.00332274255706325
2024-09-10,"Asset 2",0.0165724143038722
2024-09-11,"Asset 2",-0.0026196915725199
2024-09-12,"Asset 2",-0.00820732398272389
2024-09-13,"Asset 2",0.00503762991966313
2024-09-16,"Asset 2",-0.0168033171454165
2024-09-17,"Asset 2",0.00383046401768519
2024-09-18,"Asset 2",3.89748561528789e-05
2024-09-19,"Asset 2",-0.0192190144896055
2024-09-20,"Asset 2",-0.00345667992575585
2024-09-23,"Asset 2",0.00660231031963524
2024-09-24,"Asset 2",0.0103072375954967
2024-09-25,"Asset 2",0.00455535231298634
2024-09-26,"Asset 2",-0.0167581586343362
2024-09-27,"Asset 2",0.00118207073671088
2024-09-30,"Asset 2",0.00617412946463168
2024-10-01,"Asset 2",0.0067198618993598
2024-10-02,"Asset 2",-0.00333644818425785
2024-10-03,"Asset 2",0.0100363188065447
2024-10-04,"Asset 2",0.00892256009969193
2024-10-07,"Asset 2",0.00908988985742789
2024-10-08,"Asset 2",-0.00943890156105481
2024-10-09,"Asset 2",0.0049156887878566
2024-10-10,"Asset 2",0.0148835078629898
2024-10-11,"Asset 2",-0.00911487887556934
2024-10-14,"Asset 2",-0.000977185369817652
2024-10-15,"Asset 2",0.0156219370550728
2024-10-16,"Asset 2",0.0126971932600247
2024-10-17,"Asset 2",-0.0123667676226462
2024-10-18,"Asset 2",0.00568092540864537
2024-10-21,"Asset 2",-0.00502827115694277
2024-10-22,"Asset 2",-0.00577049334645196
2024-10-23,"Asset 2",0.00330928653783744
2024-10-24,"Asset 2",-5.43186305363201e-05
2024-10-25,"Asset 2",-0.00173737773192802
2024-10-28,"Asset 2",0.0069635093728243
2024-10-29,"Asset 2",0.0198079825986411
2020-01-01,"Asset 3",-2.20293051375431e-05
2020-01-02,"Asset 3",0.0225786274741713
2020-01-03,"Asset 3",0.0146679880980741
2020-01-06,"Asset 3",-0.00557840680832814
2020-01-07,"Asset 3",0.0182422663859082
2020-01-08,"Asset 3",-0.0151663181852217
2020-01-09,"Asset 3",0.00570512941835481
2020-01-10,"Asset 3",0.0131417858350825
2020-01-13,"Asset 3",0.0152099272808869
2020-01-14,"Asset 3",-0.0256591493678847
2020-01-15,"Asset 3",0.0156813722373869
2020-01-16,"Asset 3",0.0108862889343091
2020-01-17,"Asset 3",0.013133974380795
2020-01-20,"Asset 3",-0.00513487570886723
2020-01-21,"Asset 3",-0.0115424225812462
2020-01-22,"Asset 3",-0.00811380862005444
2020-01-23,"Asset 3",0.00572108349354087
2020-01-24,"Asset 3",0.0153984479757541
2020-01-27,"Asset 3",-0.00227153283053075
2020-01-28,"Asset 3",-0.00746504021809876
2020-01-29,"Asset 3",0.00205623125051197
2020-01-30,"Asset 3",-0.0238857519391966
2020-01-31,"Asset 3",6.04256667980418e-06
2020-02-03,"Asset 3",0.00476536414876554
2020-02-04,"Asset 3",-0.0268668899923239
2020-02-05,"Asset 3",0.0242622493681621
2020-02-06,"Asset 3",0.0137776608042444
2020-02-07,"Asset 3",0.0154871866420547
2020-02-10,"Asset 3",0.0115995087655665
2020-02-11,"Asset 3",-0.00654299506313439
2020-02-12,"Asset 3",0.0014801381255074
2020-02-13,"Asset 3",-0.0238382952057234
2020-02-14,"Asset 3",-0.00777825151283875
2020-02-17,"Asset 3",-0.000953016330303447
2020-02-18,"Asset 3",-0.00399078509276339
2020-02-19,"Asset 3",-0.0121202465400782
2020-02-20,"Asset 3",-0.0203054786368279
2020-02-21,"Asset 3",-0.00446067479720724
2020-02-24,"Asset 3",-0.0717445588280165
2020-02-25,"Asset 3",-0.00341705389335924
2020-02-26,"Asset 3",0.00406693003928744
2020-02-27,"Asset 3",-0.0172975815757544
2020-02-28,"Asset 3",0.00245715660800953
2020-03-02,"Asset 3",-0.000314413890240866
2020-03-03,"Asset 3",-0.0129532495778325
2020-03-04,"Asset 3",0.0102007078795366
2020-03-05,"Asset 3",0.00391162371676988
2020-03-06,"Asset 3",-0.00331049607296342
2020-03-09,"Asset 3",-0.0259723522176937
2020-03-10,"Asset 3",0.00852908431897844
2020-03-11,"Asset 3",-0.00206087821163638
2020-03-12,"Asset 3",-0.0196570164308477
2020-03-13,"Asset 3",0.0053379975176827
2020-03-16,"Asset 3",-0.00596153878842551
2020-03-17,"Asset 3",0.00920894484002976
2020-03-18,"Asset 3",-0.00550288010095272
2020-03-19,"Asset 3",-0.024514462327935
2020-03-20,"Asset 3",0.00270260700256223
2020-03-23,"Asset 3",-0.00174707444878289
2020-03-24,"Asset 3",0.0145865683528896
2020-03-25,"Asset 3",-0.0162753074309344
2020-03-26,"Asset 3",0.0042198823621292
2020-03-27,"Asset 3",0.00373115075701783
2020-03-30,"Asset 3",-0.0277635558271549
2020-03-31,"Asset 3",0.0151574619743947
2020-04-01,"Asset 3",-0.00705229276309443
2020-04-02,"Asset 3",-0.0688825009539936
2020-04-03,"Asset 3",-0.00562381330517026
2020-04-06,"Asset 3",0.0341151552901909
2020-04-07,"Asset 3",-0.00617263181863782
2020-04-08,"Asset 3",0.0217125023425952
2020-04-09,"Asset 3",0.00670907739072113
2020-04-10,"Asset 3",-0.0166192758542639
2020-04-13,"Asset 3",-0.01103204942942
2020-04-14,"Asset 3",0.00668778403024145
2020-04-15,"Asset 3",0.017818160782332
2020-04-16,"Asset 3",-0.0054091669522447
2020-04-17,"Asset 3",-0.0209828732320626
2020-04-20,"Asset 3",0.00565728282077381
2020-04-21,"Asset 3",0.00604720761015495
2020-04-22,"Asset 3",-0.00806159408882956
2020-04-23,"Asset 3",0.00976526208213218
2020-04-24,"Asset 3",0.0336308541989083
2020-04-27,"Asset 3",-0.00132788353866634
2020-04-28,"Asset 3",-0.00576160351224989
2020-04-29,"Asset 3",0.0110453341135767
2020-04-30,"Asset 3",0.0148135687008822
2020-05-01,"Asset 3",-0.0142945126644375
2020-05-04,"Asset 3",0.0153922664868909
2020-05-05,"Asset 3",0.00802629269455503
2020-05-06,"Asset 3",-3.48038004271537e-05
2020-05-07,"Asset 3",-0.00108385861014165
2020-05-08,"Asset 3",0.00429141128948447
2020-05-11,"Asset 3",0.00740188374642622
2020-05-12,"Asset 3",0.0202353601502819
2020-05-13,"Asset 3",-0.000758895986101278
2020-05-14,"Asset 3",0.0302379743245739
2020-05-15,"Asset 3",-0.00375798079198559
2020-05-18,"Asset 3",0.00502368770587202
2020-05-19,"Asset 3",-0.0122062152408219
2020-05-20,"Asset 3",0.0169305099826566
2020-05-21,"Asset 3",0.0184490690156695
2020-05-22,"Asset 3",0.00151210161109199
2020-05-25,"Asset 3",-0.00355918186693657
2020-05-26,"Asset 3",-0.00680888267149994
2020-05-27,"Asset 3",-0.00634763834395676
2020-05-28,"Asset 3",0.0177523585875204
2020-05-29,"Asset 3",0.00842428713324589
2020-06-01,"Asset 3",-0.00539411311373885
2020-06-02,"Asset 3",-0.00396285374975106
2020-06-03,"Asset 3",-0.0197893402897602
2020-06-04,"Asset 3",0.000882742486652188
2020-06-05,"Asset 3",-0.00246588790069831
2020-06-08,"Asset 3",0.00333797754531537
2020-06-09,"Asset 3",-0.00265849874489211
2020-06-10,"Asset 3",-0.00154858571337311
2020-06-11,"Asset 3",-0.0193715135400419
2020-06-12,"Asset 3",0.029248615404003
2020-06-15,"Asset 3",0.00587939489758752
2020-06-16,"Asset 3",3.48618790799629e-05
2020-06-17,"Asset 3",-0.0508433891602761
2020-06-18,"Asset 3",-0.00734994496967285
2020-06-19,"Asset 3",0.0160595144913752
2020-06-22,"Asset 3",0.00930229523393718
2020-06-23,"Asset 3",-0.00779642934632577
2020-06-24,"Asset 3",-0.00445486864085038
2020-06-25,"Asset 3",0.012094968136753
2020-06-26,"Asset 3",0.011718211941845
2020-06-29,"Asset 3",-0.0069833042186821
2020-06-30,"Asset 3",-0.000358589433929507
2020-07-01,"Asset 3",-0.00119928714013061
2020-07-02,"Asset 3",-0.0382511790355868
2020-07-03,"Asset 3",0.0216727113040268
2020-07-06,"Asset 3",0.0149298761566842
2020-07-07,"Asset 3",-0.00186362179171303
2020-07-08,"Asset 3",-0.014801008704318
2020-07-09,"Asset 3",0.00215307032831465
2020-07-10,"Asset 3",-0.00593590636700389
2020-07-13,"Asset 3",0.00412416924998613
2020-07-14,"Asset 3",-0.0154193265028838
2020-07-15,"Asset 3",-0.00826056791317784
2020-07-16,"Asset 3",-0.0111913272092347
2020-07-17,"Asset 3",0.00370153053742359
2020-07-20,"Asset 3",-0.0125136749928583
2020-07-21,"Asset 3",-0.000944836506405486
2020-07-22,"Asset 3",0.00561157268021154
2020-07-23,"Asset 3",-0.0150476744852409
2020-07-24,"Asset 3",-0.0058868565601063
2020-07-27,"Asset 3",0.00592051982920564
2020-07-28,"Asset 3",0.0180739305332663
2020-07-29,"Asset 3",0.0123214613308863
2020-07-30,"Asset 3",0.00430834421569085
2020-07-31,"Asset 3",0.00712660937249731
2020-08-03,"Asset 3",0.000820693281385706
2020-08-04,"Asset 3",-0.0308662482983846
2020-08-05,"Asset 3",0.0114648434064667
2020-08-06,"Asset 3",-0.00463391543537783
2020-08-07,"Asset 3",0.00778450757309979
2020-08-10,"Asset 3",0.00407214097730708
2020-08-11,"Asset 3",0.00357253567142908
2020-08-12,"Asset 3",0.00634870452333333
2020-08-13,"Asset 3",0.0242863108593117
2020-08-14,"Asset 3",-0.0138693142987718
2020-08-17,"Asset 3",0.00738907906266459
2020-08-18,"Asset 3",0.00713303731670977
2020-08-19,"Asset 3",0.0036483572428358
2020-08-20,"Asset 3",0.012890252350522
2020-08-21,"Asset 3",-0.00538407351568624
2020-08-24,"Asset 3",0.00325525792869738
2020-08-25,"Asset 3",-0.000809393617990252
2020-08-26,"Asset 3",-0.00629638716607221
2020-08-27,"Asset 3",-0.00174146461850766
2020-08-28,"Asset 3",0.0203998368250137
2020-08-31,"Asset 3",0.00158834831935982
2020-09-01,"Asset 3",0.000844726176955198
2020-09-02,"Asset 3",0.0130237843125199
2020-09-03,"Asset 3",-0.0123670619599251
2020-09-04,"Asset 3",-0.00813480009224
2020-09-07,"Asset 3",0.00471198507615715
2020-09-08,"Asset 3",0.00258650878258546
2020-09-09,"Asset 3",-0.00610991703206853
2020-09-10,"Asset 3",-0.000627077515789271
2020-09-11,"Asset 3",-0.00454584734444293
2020-09-14,"Asset 3",0.0182896801723445
2020-09-15,"Asset 3",0.0200067158678538
2020-09-16,"Asset 3",0.00855900094622979
2020-09-17,"Asset 3",0.00147007325696659
2020-09-18,"Asset 3",-0.0069076248727084
2020-09-21,"Asset 3",0.0077682485932926
2020-09-22,"Asset 3",0.0102675777409555
2020-09-23,"Asset 3",0.0535016341101489
2020-09-24,"Asset 3",0.00684191566109597
2020-09-25,"Asset 3",-0.000855893772735275
2020-09-28,"Asset 3",0.00268266667631819
2020-09-29,"Asset 3",0.00494286152955764
2020-09-30,"Asset 3",0.0164892736800978
2020-10-01,"Asset 3",-0.0348063397438327
2020-10-02,"Asset 3",-0.0165550218033312
2020-10-05,"Asset 3",-0.0072783543457974
2020-10-06,"Asset 3",0.00135850057189827
2020-10-07,"Asset 3",-0.0130044465877617
2020-10-08,"Asset 3",-0.0110703937216873
2020-10-09,"Asset 3",-0.0025657798462409
2020-10-12,"Asset 3",0.00588146612314549
2020-10-13,"Asset 3",-0.000702426987043557
2020-10-14,"Asset 3",0.0219061254816544
2020-10-15,"Asset 3",0.00550279895555284
2020-10-16,"Asset 3",-0.00677347855128269
2020-10-19,"Asset 3",-0.0805943519075547
2020-10-20,"Asset 3",0.00428180851893099
2020-10-21,"Asset 3",-0.00823001047068504
2020-10-22,"Asset 3",0.00888843752130765
2020-10-23,"Asset 3",0.00634215836748806
2020-10-26,"Asset 3",0.0174918992859873
2020-10-27,"Asset 3",0.0084322762316007
2020-10-28,"Asset 3",0.00261996939521209
2020-10-29,"Asset 3",-0.00973002400148313
2020-10-30,"Asset 3",-0.0298421011379873
2020-11-02,"Asset 3",0.00606041299416956
2020-11-03,"Asset 3",0.02539806525407
2020-11-04,"Asset 3",-0.000424032238118423
2020-11-05,"Asset 3",0.0144195399100006
2020-11-06,"Asset 3",0.0019060926792957
2020-11-09,"Asset 3",0.0216050466529373
2020-11-10,"Asset 3",0.00629794852536364
2020-11-11,"Asset 3",0.00460080585091608
2020-11-12,"Asset 3",0.00421379297252228
2020-11-13,"Asset 3",0.0108968640719877
2020-11-16,"Asset 3",-0.0115325446768515
2020-11-17,"Asset 3",0.00425358926594046
2020-11-18,"Asset 3",0.0050871936491548
2020-11-19,"Asset 3",0.00403785226162727
2020-11-20,"Asset 3",0.00906488742451697
2020-11-23,"Asset 3",-0.00731170418684843
2020-11-24,"Asset 3",7.68221435591439e-05
2020-11-25,"Asset 3",-0.0328122947837134
2020-11-26,"Asset 3",-0.00635298079482321
2020-11-27,"Asset 3",-0.00175067611083407
2020-11-30,"Asset 3",0.0175704966418094
2020-12-01,"Asset 3",0.00869585515517599
2020-12-02,"Asset 3",0.00439139085911836
2020-12-03,"Asset 3",-0.00432852791052852
2020-12-04,"Asset 3",0.00292481081772397
2020-12-07,"Asset 3",-0.00124224249309374
2020-12-08,"Asset 3",-0.00764145597247775
2020-12-09,"Asset 3",-0.0093298260894513
2020-12-10,"Asset 3",0.0045178626363586
2020-12-11,"Asset 3",0.0224207112271045
2020-12-14,"Asset 3",-7.20789633906448e-05
2020-12-15,"Asset 3",0.0258942053058863
2020-12-16,"Asset 3",0.00717511235336057
2020-12-17,"Asset 3",0.00516615283782293
2020-12-18,"Asset 3",0.0188173272565065
2020-12-21,"Asset 3",-0.000750955473704419
2020-12-22,"Asset 3",-0.000867599456521347
2020-12-23,"Asset 3",0.0073428352109332
2020-12-24,"Asset 3",0.00758783095113326
2020-12-25,"Asset 3",-0.0160777198781826
2020-12-28,"Asset 3",0.0073330454697888
2020-12-29,"Asset 3",0.0286416743075006
2020-12-30,"Asset 3",-0.00213888471748642
2020-12-31,"Asset 3",-0.000393104556332682
2021-01-01,"Asset 3",0.0225949867905128
2021-01-04,"Asset 3",0.0124901709807732
2021-01-05,"Asset 3",0.00465766018103218
2021-01-06,"Asset 3",-0.0072494743298883
2021-01-07,"Asset 3",0.000960474362831286
2021-01-08,"Asset 3",0.00864847756910002
2021-01-11,"Asset 3",0.00279407099953661
2021-01-12,"Asset 3",-0.0078176818345139
2021-01-13,"Asset 3",0.0114388026476914
2021-01-14,"Asset 3",-0.0219853793085428
2021-01-15,"Asset 3",-0.00710422872458648
2021-01-18,"Asset 3",-0.00697163573880463
2021-01-19,"Asset 3",0.0108567686520788
2021-01-20,"Asset 3",-0.0150092657448079
2021-01-21,"Asset 3",-0.00942537749902577
2021-01-22,"Asset 3",0.00267938302931018
2021-01-25,"Asset 3",-0.000624019043894297
2021-01-26,"Asset 3",0.00359041390271013
2021-01-27,"Asset 3",0.0151293307339856
2021-01-28,"Asset 3",0.00695046121616663
2021-01-29,"Asset 3",0.00325530638053929
2021-02-01,"Asset 3",-0.00450023786268818
2021-02-02,"Asset 3",-0.00848373779430611
2021-02-03,"Asset 3",-0.0160983364050012
2021-02-04,"Asset 3",-0.00573348674612172
2021-02-05,"Asset 3",-0.00405337581575352
2021-02-08,"Asset 3",-0.00936604180992323
2021-02-09,"Asset 3",0.0274407999457923
2021-02-10,"Asset 3",-0.00842050013484829
2021-02-11,"Asset 3",0.00777422726592939
2021-02-12,"Asset 3",-0.00835873044054877
2021-02-15,"Asset 3",0.000438472792962874
2021-02-16,"Asset 3",-0.0310624450524749
2021-02-17,"Asset 3",0.0144070147988891
2021-02-18,"Asset 3",-0.00505063275362269
2021-02-19,"Asset 3",0.0221735711597489
2021-02-22,"Asset 3",0.0137408019447356
2021-02-23,"Asset 3",0.015691538003452
2021-02-24,"Asset 3",0.0119969211889645
2021-02-25,"Asset 3",0.00579279086918268
2021-02-26,"Asset 3",0.0150526838911281
2021-03-01,"Asset 3",0.00864856780606066
2021-03-02,"Asset 3",-0.00885347192344989
2021-03-03,"Asset 3",0.0121555965449402
2021-03-04,"Asset 3",0.0108940471780048
2021-03-05,"Asset 3",-0.00339098538881462
2021-03-08,"Asset 3",-0.00398154546450693
2021-03-09,"Asset 3",-0.0193542347949705
2021-03-10,"Asset 3",-0.0349928564503114
2021-03-11,"Asset 3",0.00673655214364817
2021-03-12,"Asset 3",-0.00546119157991304
2021-03-15,"Asset 3",0.0140907209037342
2021-03-16,"Asset 3",0.017097984691721
2021-03-17,"Asset 3",0.00657860764563336
2021-03-18,"Asset 3",-0.00554958749837927
2021-03-19,"Asset 3",-0.0295742187349245
2021-03-22,"Asset 3",0.00506489624256063
2021-03-23,"Asset 3",0.00646638855114694
2021-03-24,"Asset 3",0.044102948620298
2021-03-25,"Asset 3",-0.0102663251551525
2021-03-26,"Asset 3",0.00369171822052659
2021-03-29,"Asset 3",0.00699516456187859
2021-03-30,"Asset 3",0.0179017196130637
2021-03-31,"Asset 3",0.00514130134070107
2021-04-01,"Asset 3",-0.00664949522006078
2021-04-02,"Asset 3",-0.000452680716524164
2021-04-05,"Asset 3",0.0231099013285727
2021-04-06,"Asset 3",0.00674178314990176
2021-04-07,"Asset 3",-0.0095019946735159
2021-04-08,"Asset 3",-0.00856069533471943
2021-04-09,"Asset 3",-0.0119749439138357
2021-04-12,"Asset 3",-0.0563160002748906
2021-04-13,"Asset 3",-0.000441203933321101
2021-04-14,"Asset 3",0.00346993144591663
2021-04-15,"Asset 3",0.0104691250659017
2021-04-16,"Asset 3",0.0133961711290234
2021-04-19,"Asset 3",0.0166810184285839
2021-04-20,"Asset 3",-0.0209075552029269
2021-04-21,"Asset 3",-0.000647194473173439
2021-04-22,"Asset 3",0.000688017539664505
2021-04-23,"Asset 3",0.0167518968846816
2021-04-26,"Asset 3",0.00740420013479762
2021-04-27,"Asset 3",0.0102089520335679
2021-04-28,"Asset 3",0.00603342693252362
2021-04-29,"Asset 3",-0.00789815971254662
2021-04-30,"Asset 3",-0.00276796335786425
2021-05-03,"Asset 3",-0.00182552173350161
2021-05-04,"Asset 3",-0.114721470839186
2021-05-05,"Asset 3",0.00768452341706629
2021-05-06,"Asset 3",-0.0212069104479279
2021-05-07,"Asset 3",-0.0227952062924323
2021-05-10,"Asset 3",0.0105940464382384
2021-05-11,"Asset 3",0.000568286342566322
2021-05-12,"Asset 3",-0.00635322709827391
2021-05-13,"Asset 3",-0.005773401514255
2021-05-14,"Asset 3",-0.0173175375803266
2021-05-17,"Asset 3",-0.0248846658558518
2021-05-18,"Asset 3",0.00194689015266377
2021-05-19,"Asset 3",-0.00125108264740779
2021-05-20,"Asset 3",-0.00506109959933253
2021-05-21,"Asset 3",0.000129380966865469
2021-05-24,"Asset 3",-0.000588152941856871
2021-05-25,"Asset 3",-0.0669346611498254
2021-05-26,"Asset 3",0.0533089910708789
2021-05-27,"Asset 3",-0.00240023482570808
2021-05-28,"Asset 3",0.0163390007185754
2021-05-31,"Asset 3",0.00192965873543654
2021-06-01,"Asset 3",-0.00570963928972056
2021-06-02,"Asset 3",-0.001416155495989
2021-06-03,"Asset 3",0.0154443475499761
2021-06-04,"Asset 3",-0.012191899045842
2021-06-07,"Asset 3",-0.00792072824640022
2021-06-08,"Asset 3",-0.00694411945362235
2021-06-09,"Asset 3",-0.0112778284059064
2021-06-10,"Asset 3",0.0188066239000985
2021-06-11,"Asset 3",0.00357497161516925
2021-06-14,"Asset 3",-0.00718030348125053
2021-06-15,"Asset 3",0.00522394464676723
2021-06-16,"Asset 3",-0.0191355551820683
2021-06-17,"Asset 3",-0.023694553391291
2021-06-18,"Asset 3",-0.0201714362462692
2021-06-21,"Asset 3",-0.00705169013669197
2021-06-22,"Asset 3",0.00749793201000231
2021-06-23,"Asset 3",-0.00291408494611479
2021-06-24,"Asset 3",0.0074833565480192
2021-06-25,"Asset 3",-0.0193701360488447
2021-06-28,"Asset 3",0.00230790437940417
2021-06-29,"Asset 3",0.0203693612770227
2021-06-30,"Asset 3",-0.00963381487168724
2021-07-01,"Asset 3",-0.00322664364887442
2021-07-02,"Asset 3",0.0107592802978262
2021-07-05,"Asset 3",0.00406915252659145
2021-07-06,"Asset 3",-0.0560052139183801
2021-07-07,"Asset 3",-0.00847334805939863
2021-07-08,"Asset 3",0.00156435274901292
2021-07-09,"Asset 3",-0.020494654775202
2021-07-12,"Asset 3",0.041345253045156
2021-07-13,"Asset 3",0.0290718501487171
2021-07-14,"Asset 3",0.0174742575052374
2021-07-15,"Asset 3",0.0132041549668754
2021-07-16,"Asset 3",0.00980425661709209
2021-07-19,"Asset 3",-0.00485442573253756
2021-07-20,"Asset 3",0.0131836897572672
2021-07-21,"Asset 3",0.0376135686587681
2021-07-22,"Asset 3",0.0168337049555957
2021-07-23,"Asset 3",-0.0049269040522219
2021-07-26,"Asset 3",-0.00931101669613046
2021-07-27,"Asset 3",0.00173124533451095
2021-07-28,"Asset 3",-0.0198970814223975
2021-07-29,"Asset 3",0.000521113797947993
2021-07-30,"Asset 3",0.0237529433866027
2021-08-02,"Asset 3",0.00539289403202104
2021-08-03,"Asset 3",-0.00216753058239749
2021-08-04,"Asset 3",-0.0162415276798564
2021-08-05,"Asset 3",0.00343332386664067
2021-08-06,"Asset 3",-0.00680498556651704
2021-08-09,"Asset 3",0.00381810409239707
2021-08-10,"Asset 3",0.0170897927899655
2021-08-11,"Asset 3",-0.0016745363493361
2021-08-12,"Asset 3",-0.000287867315001778
2021-08-13,"Asset 3",-0.00188323038339555
2021-08-16,"Asset 3",0.00668203764270742
2021-08-17,"Asset 3",-0.0103186001754437
2021-08-18,"Asset 3",-0.020513991751136
2021-08-19,"Asset 3",0.0197524807723039
2021-08-20,"Asset 3",0.0015337449620049
2021-08-23,"Asset 3",-0.00828902244352652
2021-08-24,"Asset 3",-0.00563630951183671
2021-08-25,"Asset 3",-0.00207433820180772
2021-08-26,"Asset 3",-0.00950816212382817
2021-08-27,"Asset 3",-0.0103640054794568
2021-08-30,"Asset 3",-0.00659353559776896
2021-08-31,"Asset 3",0.012693201982895
2021-09-01,"Asset 3",-0.0376815490037237
2021-09-02,"Asset 3",0.0180283014286344
2021-09-03,"Asset 3",0.0166863430734129
2021-09-06,"Asset 3",0.011580251290655
2021-09-07,"Asset 3",-0.00293480990329697
2021-09-08,"Asset 3",0.013318500183967
2021-09-09,"Asset 3",-0.0189299900996915
2021-09-10,"Asset 3",0.00214209991897089
2021-09-13,"Asset 3",-0.01071540846117
2021-09-14,"Asset 3",0.00584028309575505
2021-09-15,"Asset 3",-0.0051000677906665
2021-09-16,"Asset 3",0.0114066215393899
2021-09-17,"Asset 3",0.0133001241731702
2021-09-20,"Asset 3",-0.00119120505456045
2021-09-21,"Asset 3",0.00563554456138521
2021-09-22,"Asset 3",0.00961362402853617
2021-09-23,"Asset 3",-0.00251157826889986
2021-09-24,"Asset 3",0.00377052379870619
2021-09-27,"Asset 3",0.00909965112428911
2021-09-28,"Asset 3",-0.00641149319530794
2021-09-29,"Asset 3",0.0227798675631039
2021-09-30,"Asset 3",0.000359278622545656
2021-10-01,"Asset 3",-0.00773206767819457
2021-10-04,"Asset 3",0.00952454623402881
2021-10-05,"Asset 3",0.00527435765373907
2021-10-06,"Asset 3",-0.000125499739574316
2021-10-07,"Asset 3",0.00189283520733756
2021-10-08,"Asset 3",-0.000445603031844633
2021-10-11,"Asset 3",0.00799118213094297
2021-10-12,"Asset 3",-0.00997764710513329
2021-10-13,"Asset 3",-0.00172983386516256
2021-10-14,"Asset 3",-0.000822344965347688
2021-10-15,"Asset 3",-0.0595959645281893
2021-10-18,"Asset 3",0.00347422901095724
2021-10-19,"Asset 3",0.0116277442469453
2021-10-20,"Asset 3",-0.0514028366558656
2021-10-21,"Asset 3",0.0110160187002177
2021-10-22,"Asset 3",0.00203845335970069
2021-10-25,"Asset 3",9.27520053026324e-05
2021-10-26,"Asset 3",-0.0314127417608565
2021-10-27,"Asset 3",0.00460224695841337
2021-10-28,"Asset 3",-0.00121570685773589
2021-10-29,"Asset 3",0.0109479723348605
2021-11-01,"Asset 3",0.011549639596674
2021-11-02,"Asset 3",0.0108476134510092
2021-11-03,"Asset 3",-0.0205500147559949
2021-11-04,"Asset 3",0.00829050377616269
2021-11-05,"Asset 3",-0.00955959393675874
2021-11-08,"Asset 3",0.00220916927754134
2021-11-09,"Asset 3",-0.0595785789692592
2021-11-10,"Asset 3",0.0695994921866369
2021-11-11,"Asset 3",-0.00345068598340669
2021-11-12,"Asset 3",0.00896272383764457
2021-11-15,"Asset 3",0.00246820878670664
2021-11-16,"Asset 3",0.000300714151491466
2021-11-17,"Asset 3",-0.0133269400348862
2021-11-18,"Asset 3",-0.0517792467039945
2021-11-19,"Asset 3",0.0241544159456459
2021-11-22,"Asset 3",0.00821316704161031
2021-11-23,"Asset 3",-0.00600501585050455
2021-11-24,"Asset 3",-0.00412467934172555
2021-11-25,"Asset 3",-0.00953255885656523
2021-11-26,"Asset 3",0.00863933316542985
2021-11-29,"Asset 3",0.00717137691651041
2021-11-30,"Asset 3",0.0200554225108942
2021-12-01,"Asset 3",-0.00125497290939855
2021-12-02,"Asset 3",0.00371926407737238
2021-12-03,"Asset 3",-0.0605014591817312
2021-12-06,"Asset 3",-0.0220848740303849
2021-12-07,"Asset 3",-0.00565876815527152
2021-12-08,"Asset 3",-0.0164681530822591
2021-12-09,"Asset 3",0.00216274324937041
2021-12-10,"Asset 3",-0.00069611083959524
2021-12-13,"Asset 3",-0.00418120535699907
2021-12-14,"Asset 3",-0.00779020666902682
2021-12-15,"Asset 3",-0.0140595786560612
2021-12-16,"Asset 3",0.00281682135393142
2021-12-17,"Asset 3",0.00612309325946678
2021-12-20,"Asset 3",-0.00571503494040301
2021-12-21,"Asset 3",-0.00586637675485623
2021-12-22,"Asset 3",0.0109549366282745
2021-12-23,"Asset 3",0.00426312872051634
2021-12-24,"Asset 3",0.000270302542107815
2021-12-27,"Asset 3",0.00411575863904578
2021-12-28,"Asset 3",0.00859839443591795
2021-12-29,"Asset 3",0.0176240820592207
2021-12-30,"Asset 3",0.0193548967225226
2021-12-31,"Asset 3",0.00501261469152926
2022-01-03,"Asset 3",-0.0192164930831864
2022-01-04,"Asset 3",-0.0246922014762458
2022-01-05,"Asset 3",-0.0588999706521528
2022-01-06,"Asset 3",-0.0603107408847701
2022-01-07,"Asset 3",0.00768596909037634
2022-01-10,"Asset 3",-0.0116894942625999
2022-01-11,"Asset 3",-0.000328909341169263
2022-01-12,"Asset 3",0.00933848880682025
2022-01-13,"Asset 3",-0.0158871349323571
2022-01-14,"Asset 3",0.00255614318769062
2022-01-17,"Asset 3",0.0142981418155088
2022-01-18,"Asset 3",0.00210810784115964
2022-01-19,"Asset 3",-0.0122625377847792
2022-01-20,"Asset 3",0.0141813663811039
2022-01-21,"Asset 3",-0.00865581755100408
2022-01-24,"Asset 3",0.00753753900657352
2022-01-25,"Asset 3",-0.00966426663575783
2022-01-26,"Asset 3",-0.00409803046282088
2022-01-27,"Asset 3",0.00411241842927154
2022-01-28,"Asset 3",-0.00548068433493869
2022-01-31,"Asset 3",0.0105173983570557
2022-02-01,"Asset 3",0.0118468977258095
2022-02-02,"Asset 3",0.00795462791920432
2022-02-03,"Asset 3",0.0137732253695455
2022-02-04,"Asset 3",0.0021673172607331
2022-02-07,"Asset 3",-0.0199603431123145
2022-02-08,"Asset 3",-0.00476725363931911
2022-02-09,"Asset 3",-0.0140260998426668
2022-02-10,"Asset 3",-0.00418845137448728
2022-02-11,"Asset 3",0.00219162291242969
2022-02-14,"Asset 3",-0.0098335706676458
2022-02-15,"Asset 3",0.0186114678593172
2022-02-16,"Asset 3",0.00101500954467296
2022-02-17,"Asset 3",0.00540785491953385
2022-02-18,"Asset 3",0.00922272567648035
2022-02-21,"Asset 3",-0.0109253311654913
2022-02-22,"Asset 3",0.00357607318684459
2022-02-23,"Asset 3",-0.0287793294560487
2022-02-24,"Asset 3",0.00209007573682434
2022-02-25,"Asset 3",0.00697650771274898
2022-02-28,"Asset 3",0.0225313573737503
2022-03-01,"Asset 3",-0.0125529209299431
2022-03-02,"Asset 3",0.0147556230971986
2022-03-03,"Asset 3",-0.0633212574600357
2022-03-04,"Asset 3",-0.0457395669459959
2022-03-07,"Asset 3",-0.0116070191469131
2022-03-08,"Asset 3",-0.00639843583994965
2022-03-09,"Asset 3",-0.119139221686187
2022-03-10,"Asset 3",-0.00570272514209113
2022-03-11,"Asset 3",0.00378763644280009
2022-03-14,"Asset 3",-0.00802517232839097
2022-03-15,"Asset 3",0.0171896377133515
2022-03-16,"Asset 3",0.00530358898314098
2022-03-17,"Asset 3",0.00115582937632051
2022-03-18,"Asset 3",-0.00805055418911304
2022-03-21,"Asset 3",0.026400911121832
2022-03-22,"Asset 3",-0.0212502817179635
2022-03-23,"Asset 3",0.0112401259152103
2022-03-24,"Asset 3",-0.0240347702530511
2022-03-25,"Asset 3",0.00500463575498926
2022-03-28,"Asset 3",0.0130726120912249
2022-03-29,"Asset 3",0.00812419941293438
2022-03-30,"Asset 3",0.00458107048998203
2022-03-31,"Asset 3",0.00325449613688918
2022-04-01,"Asset 3",-0.00966868338816393
2022-04-04,"Asset 3",0.0124191181751373
2022-04-05,"Asset 3",-0.00504316328411197
2022-04-06,"Asset 3",0.00864333097783895
2022-04-07,"Asset 3",0.0178171435441878
2022-04-08,"Asset 3",0.0127778834850492
2022-04-11,"Asset 3",0.00311615033891272
2022-04-12,"Asset 3",-0.00870491178168508
2022-04-13,"Asset 3",0.00128024017062869
2022-04-14,"Asset 3",0.0335724773956413
2022-04-15,"Asset 3",0.00128915621471452
2022-04-18,"Asset 3",0.0173988281525091
2022-04-19,"Asset 3",0.00994567504244556
2022-04-20,"Asset 3",0.00387438574675133
2022-04-21,"Asset 3",0.00796790844485746
2022-04-22,"Asset 3",0.0202413313940412
2022-04-25,"Asset 3",0.00309446376554733
2022-04-26,"Asset 3",-7.2425584824665e-05
2022-04-27,"Asset 3",-0.000423630517746358
2022-04-28,"Asset 3",-0.00439476024700711
2022-04-29,"Asset 3",0.0156927116411189
2022-05-02,"Asset 3",0.0303728299154337
2022-05-03,"Asset 3",-0.0147602857389914
2022-05-04,"Asset 3",-0.0104727388211901
2022-05-05,"Asset 3",-0.00471007633462863
2022-05-06,"Asset 3",0.00274901588226791
2022-05-09,"Asset 3",0.00380404238877488
2022-05-10,"Asset 3",0.0266403208855424
2022-05-11,"Asset 3",0.0237296055493901
2022-05-12,"Asset 3",0.0185041943799643
2022-05-13,"Asset 3",0.00943157779998698
2022-05-16,"Asset 3",5.68101126791109e-06
2022-05-17,"Asset 3",-0.03254910583621
2022-05-18,"Asset 3",0.00331576553563677
2022-05-19,"Asset 3",0.0225505626741894
2022-05-20,"Asset 3",-0.0038787214304261
2022-05-23,"Asset 3",-0.00986383381208508
2022-05-24,"Asset 3",-0.0084253889215544
2022-05-25,"Asset 3",-0.0219339192354442
2022-05-26,"Asset 3",0.0114801189135482
2022-05-27,"Asset 3",-0.000375410795258383
2022-05-30,"Asset 3",-0.0630858022799751
2022-05-31,"Asset 3",-0.0082883066645052
2022-06-01,"Asset 3",0.0111720341928993
2022-06-02,"Asset 3",-0.0176230915109166
2022-06-03,"Asset 3",-0.00349701969130046
2022-06-06,"Asset 3",0.0123695383388624
2022-06-07,"Asset 3",0.00575315367319787
2022-06-08,"Asset 3",0.00266749778906945
2022-06-09,"Asset 3",-0.068656632167214
2022-06-10,"Asset 3",0.00631674686625825
2022-06-13,"Asset 3",0.00518877163043134
2022-06-14,"Asset 3",-0.00701608334413698
2022-06-15,"Asset 3",0.0067112455934478
2022-06-16,"Asset 3",-0.00266045655477126
2022-06-17,"Asset 3",-0.00258634754235671
2022-06-20,"Asset 3",-0.00377275100902989
2022-06-21,"Asset 3",-0.00295550607137702
2022-06-22,"Asset 3",0.0166740106982017
2022-06-23,"Asset 3",0.0118942271886318
2022-06-24,"Asset 3",0.00621000799431
2022-06-27,"Asset 3",0.0196482381659776
2022-06-28,"Asset 3",0.00607609621797557
2022-06-29,"Asset 3",-0.00680578055878855
2022-06-30,"Asset 3",0.00711228368705944
2022-07-01,"Asset 3",-0.00170736886307296
2022-07-04,"Asset 3",-0.00960536356026526
2022-07-05,"Asset 3",0.0144915909399365
2022-07-06,"Asset 3",-0.00442338788768236
2022-07-07,"Asset 3",-0.0147777402129299
2022-07-08,"Asset 3",-0.00640853160431577
2022-07-11,"Asset 3",-0.00484107281644167
2022-07-12,"Asset 3",0.0117137708141189
2022-07-13,"Asset 3",-0.00337633454753278
2022-07-14,"Asset 3",-0.00183070247710748
2022-07-15,"Asset 3",-0.0102229588965811
2022-07-18,"Asset 3",0.0108389546131777
2022-07-19,"Asset 3",-0.00645650229949624
2022-07-20,"Asset 3",0.00342108390543003
2022-07-21,"Asset 3",0.00107750022402895
2022-07-22,"Asset 3",0.00866735706250773
2022-07-25,"Asset 3",0.0262667064370763
2022-07-26,"Asset 3",0.00828503871211572
2022-07-27,"Asset 3",-0.00883361108776817
2022-07-28,"Asset 3",0.0184088728919291
2022-07-29,"Asset 3",-0.00332384942875812
2022-08-01,"Asset 3",-0.00701853498576812
2022-08-02,"Asset 3",0.0106092495055521
2022-08-03,"Asset 3",-0.0105633686053602
2022-08-04,"Asset 3",0.00851417549844295
2022-08-05,"Asset 3",-0.0145883245903067
2022-08-08,"Asset 3",0.0098646448007109
2022-08-09,"Asset 3",0.0162240131952868
2022-08-10,"Asset 3",0.030291142626571
2022-08-11,"Asset 3",-0.00673213001490204
2022-08-12,"Asset 3",-0.00870651963266126
2022-08-15,"Asset 3",-0.120842198777761
2022-08-16,"Asset 3",0.00835376742522956
2022-08-17,"Asset 3",0.0102482883823221
2022-08-18,"Asset 3",0.00037586234719696
2022-08-19,"Asset 3",-0.0118060497380419
2022-08-22,"Asset 3",-0.00204596182561692
2022-08-23,"Asset 3",0.0177574914406335
2022-08-24,"Asset 3",0.00519766503373221
2022-08-25,"Asset 3",-0.00876693818097491
2022-08-26,"Asset 3",0.000742489726111079
2022-08-29,"Asset 3",-0.0232008967134871
2022-08-30,"Asset 3",0.0103612292794313
2022-08-31,"Asset 3",-0.000654369243634386
2022-09-01,"Asset 3",0.000755917077380626
2022-09-02,"Asset 3",0.0022287086031053
2022-09-05,"Asset 3",0.00480768250159857
2022-09-06,"Asset 3",-0.0104435143896005
2022-09-07,"Asset 3",0.00867865381961861
2022-09-08,"Asset 3",-0.00795581759994197
2022-09-09,"Asset 3",0.00951661274213265
2022-09-12,"Asset 3",-0.0268902628028599
2022-09-13,"Asset 3",0.0032816393840555
2022-09-14,"Asset 3",-0.0225272048303154
2022-09-15,"Asset 3",0.000739899849930126
2022-09-16,"Asset 3",0.00073500125139301
2022-09-19,"Asset 3",-0.00545475486382281
2022-09-20,"Asset 3",0.0147124952826325
2022-09-21,"Asset 3",-0.00645757959044232
2022-09-22,"Asset 3",-0.01178741219297
2022-09-23,"Asset 3",0.00345671688568246
2022-09-26,"Asset 3",0.0287235228156005
2022-09-27,"Asset 3",0.0565899458995101
2022-09-28,"Asset 3",0.00065053082660098
2022-09-29,"Asset 3",-0.00367242263687189
2022-09-30,"Asset 3",0.00862912849180818
2022-10-03,"Asset 3",-0.0177468044218135
2022-10-04,"Asset 3",0.00506716448129023
2022-10-05,"Asset 3",0.0180342497075756
2022-10-06,"Asset 3",-0.000970351461698975
2022-10-07,"Asset 3",-0.00564921571993775
2022-10-10,"Asset 3",-0.00118042057453115
2022-10-11,"Asset 3",-0.0768143575824311
2022-10-12,"Asset 3",0.0100693801788456
2022-10-13,"Asset 3",-0.00425820863462562
2022-10-14,"Asset 3",0.0104286742633334
2022-10-17,"Asset 3",-0.0211702381265434
2022-10-18,"Asset 3",0.014730718721812
2022-10-19,"Asset 3",-0.00673471349846325
2022-10-20,"Asset 3",-0.00206440052164949
2022-10-21,"Asset 3",0.0029397144737846
2022-10-24,"Asset 3",0.0108086739770475
2022-10-25,"Asset 3",-0.0247708440506565
2022-10-26,"Asset 3",0.00993246419038916
2022-10-27,"Asset 3",0.00601401757515825
2022-10-28,"Asset 3",0.00147984688900042
2022-10-31,"Asset 3",-0.00612234951879739
2022-11-01,"Asset 3",0.00899350341582702
2022-11-02,"Asset 3",-0.00570009712041213
2022-11-03,"Asset 3",-0.00170407733486897
2022-11-04,"Asset 3",-0.00365255987376057
2022-11-07,"Asset 3",-0.0146107364860546
2022-11-08,"Asset 3",0.00541038016885714
2022-11-09,"Asset 3",0.0125350984352553
2022-11-10,"Asset 3",0.0117011949519199
2022-11-11,"Asset 3",0.0102321176974099
2022-11-14,"Asset 3",0.0114870864788413
2022-11-15,"Asset 3",0.00421369068024722
2022-11-16,"Asset 3",0.0162509746375768
2022-11-17,"Asset 3",0.0291559842513578
2022-11-18,"Asset 3",0.00529743119809818
2022-11-21,"Asset 3",0.0199509689893742
2022-11-22,"Asset 3",-0.000552267262484445
2022-11-23,"Asset 3",0.0500409314215477
2022-11-24,"Asset 3",-0.00274894072534402
2022-11-25,"Asset 3",-0.0150558660250188
2022-11-28,"Asset 3",-0.00512276581685643
2022-11-29,"Asset 3",-0.0131920581346037
2022-11-30,"Asset 3",0.0185512036609403
2022-12-01,"Asset 3",0.00302527350179279
2022-12-02,"Asset 3",-0.0457640077531982
2022-12-05,"Asset 3",0.00314575327871463
2022-12-06,"Asset 3",0.00624355766907003
2022-12-07,"Asset 3",0.0655372916595775
2022-12-08,"Asset 3",-0.0345551853282408
2022-12-09,"Asset 3",-0.0564193580833229
2022-12-12,"Asset 3",0.0206342276263392
2022-12-13,"Asset 3",-0.00681706566458477
2022-12-14,"Asset 3",-0.0134504003901014
2022-12-15,"Asset 3",0.0192419422943297
2022-12-16,"Asset 3",-0.0052917053502308
2022-12-19,"Asset 3",-0.0181839159396856
2022-12-20,"Asset 3",-0.00536163515211182
2022-12-21,"Asset 3",0.0123056370340909
2022-12-22,"Asset 3",0.0162101191225371
2022-12-23,"Asset 3",-0.0178989199548973
2022-12-26,"Asset 3",-0.00430397701377913
2022-12-27,"Asset 3",-0.0210414338888236
2022-12-28,"Asset 3",0.0122056781305003
2022-12-29,"Asset 3",0.00924120563717466
2022-12-30,"Asset 3",0.0051187714682128
2023-01-02,"Asset 3",0.00446607855104104
2023-01-03,"Asset 3",0.00554352298587813
2023-01-04,"Asset 3",-0.000977701676393158
2023-01-05,"Asset 3",0.00065888676765012
2023-01-06,"Asset 3",-0.0020831448001779
2023-01-09,"Asset 3",0.00976331198642431
2023-01-10,"Asset 3",-0.00028189811229488
2023-01-11,"Asset 3",0.00405978020830936
2023-01-12,"Asset 3",0.0103603253931495
2023-01-13,"Asset 3",0.0340264649233952
2023-01-16,"Asset 3",0.000824537629877569
2023-01-17,"Asset 3",0.00628659775140878
2023-01-18,"Asset 3",0.00968213349056956
2023-01-19,"Asset 3",-0.0132843790697208
2023-01-20,"Asset 3",-1.64794668304953e-05
2023-01-23,"Asset 3",0.000466851066413113
2023-01-24,"Asset 3",0.00305804984721374
2023-01-25,"Asset 3",0.00478598787429732
2023-01-26,"Asset 3",-0.000531860764103949
2023-01-27,"Asset 3",-0.0128920145151582
2023-01-30,"Asset 3",0.00436835591880989
2023-01-31,"Asset 3",0.0265867601388108
2023-02-01,"Asset 3",0.00972638833707927
2023-02-02,"Asset 3",-0.00225544282927055
2023-02-03,"Asset 3",0.00787693303044996
2023-02-06,"Asset 3",-0.00623214330586855
2023-02-07,"Asset 3",-0.0333905926661156
2023-02-08,"Asset 3",0.0126630692354535
2023-02-09,"Asset 3",-0.0014443484645484
2023-02-10,"Asset 3",-0.00167749364209647
2023-02-13,"Asset 3",-0.0897872889724156
2023-02-14,"Asset 3",0.00103676826917248
2023-02-15,"Asset 3",-0.00869256318597627
2023-02-16,"Asset 3",-0.00429501223834375
2023-02-17,"Asset 3",-0.00480359116996145
2023-02-20,"Asset 3",0.00586362115642494
2023-02-21,"Asset 3",0.0048055700621106
2023-02-22,"Asset 3",-0.0114742893887992
2023-02-23,"Asset 3",-0.00432154257550895
2023-02-24,"Asset 3",-0.022090403001678
2023-02-27,"Asset 3",0.00261924432960873
2023-02-28,"Asset 3",0.00177409155765547
2023-03-01,"Asset 3",-0.00386206924227428
2023-03-02,"Asset 3",-0.00533719387240825
2023-03-03,"Asset 3",0.0280872496572377
2023-03-06,"Asset 3",-0.0759806644207038
2023-03-07,"Asset 3",-0.0187322981569038
2023-03-08,"Asset 3",0.000633785521792111
2023-03-09,"Asset 3",0.0104954071755791
2023-03-10,"Asset 3",-0.070803010389482
2023-03-13,"Asset 3",-0.00913539882976036
2023-03-14,"Asset 3",-0.0235915026686046
2023-03-15,"Asset 3",-0.00394999359659462
2023-03-16,"Asset 3",-0.0127538140539159
2023-03-17,"Asset 3",-0.00731826281143632
2023-03-20,"Asset 3",-0.0214246973781788
2023-03-21,"Asset 3",0.00375531102985968
2023-03-22,"Asset 3",0.0131929326731112
2023-03-23,"Asset 3",0.0016341742198141
2023-03-24,"Asset 3",-0.00483958074975791
2023-03-27,"Asset 3",0.00130121890596804
2023-03-28,"Asset 3",-0.0089290207608696
2023-03-29,"Asset 3",-0.0287453796486858
2023-03-30,"Asset 3",-0.00126737101540908
2023-03-31,"Asset 3",-0.00449713603826889
2023-04-03,"Asset 3",0.00238848555579648
2023-04-04,"Asset 3",0.0164438047484447
2023-04-05,"Asset 3",0.00371780725772444
2023-04-06,"Asset 3",-0.0921678914056342
2023-04-07,"Asset 3",0.00686495093885778
2023-04-10,"Asset 3",-0.00249578444438109
2023-04-11,"Asset 3",0.0029697438479502
2023-04-12,"Asset 3",0.0252690676510874
2023-04-13,"Asset 3",-0.0527515723548374
2023-04-14,"Asset 3",0.0114345109371323
2023-04-17,"Asset 3",0.00889898420715875
2023-04-18,"Asset 3",-0.0167834784276182
2023-04-19,"Asset 3",-0.00231404651857788
2023-04-20,"Asset 3",0.023706452147617
2023-04-21,"Asset 3",-0.0075933414416589
2023-04-24,"Asset 3",-0.000712928252224715
2023-04-25,"Asset 3",0.00914654098019507
2023-04-26,"Asset 3",-0.0431051619210481
2023-04-27,"Asset 3",0.000413728998620807
2023-04-28,"Asset 3",8.99422017781622e-05
2023-05-01,"Asset 3",-0.00145820667734329
2023-05-02,"Asset 3",0.00925261999277148
2023-05-03,"Asset 3",-0.00675875895596198
2023-05-04,"Asset 3",0.01036987733731
2023-05-05,"Asset 3",0.0101838746880694
2023-05-08,"Asset 3",0.00601575382622096
2023-05-09,"Asset 3",0.00195842632929953
2023-05-10,"Asset 3",0.00044047640763597
2023-05-11,"Asset 3",0.0116141688302053
2023-05-12,"Asset 3",-0.0111111966801311
2023-05-15,"Asset 3",0.00446205922842594
2023-05-16,"Asset 3",-0.0157889523632622
2023-05-17,"Asset 3",0.0162051915354342
2023-05-18,"Asset 3",-0.00743160198360295
2023-05-19,"Asset 3",0.0128581268684758
2023-05-22,"Asset 3",-0.002453270360543
2023-05-23,"Asset 3",-0.00448665683790901
2023-05-24,"Asset 3",0.00105122971549685
2023-05-25,"Asset 3",-0.0109627526831389
2023-05-26,"Asset 3",0.0187336839663299
2023-05-29,"Asset 3",-0.00699688055319976
2023-05-30,"Asset 3",0.0198679522890917
2023-05-31,"Asset 3",0.0070334743609127
2023-06-01,"Asset 3",0.00253569736845298
2023-06-02,"Asset 3",0.0182619557192227
2023-06-05,"Asset 3",0.0176878849608747
2023-06-06,"Asset 3",0.0217394911956447
2023-06-07,"Asset 3",0.000288561201835211
2023-06-08,"Asset 3",0.00320611620299563
2023-06-09,"Asset 3",-0.000639989018826811
2023-06-12,"Asset 3",-0.0173105715502162
2023-06-13,"Asset 3",-0.00927901999190476
2023-06-14,"Asset 3",0.0248805655729982
2023-06-15,"Asset 3",0.0331308953184655
2023-06-16,"Asset 3",0.0105361407849357
2023-06-19,"Asset 3",-0.0198631614739171
2023-06-20,"Asset 3",0.0105022328975266
2023-06-21,"Asset 3",0.0204147967967855
2023-06-22,"Asset 3",0.00359398748540423
2023-06-23,"Asset 3",0.00850806645868972
2023-06-26,"Asset 3",-0.0124925147464919
2023-06-27,"Asset 3",-0.00205995199804031
2023-06-28,"Asset 3",0.00611861644491723
2023-06-29,"Asset 3",0.00745306270458971
2023-06-30,"Asset 3",-0.0191134887677581
2023-07-03,"Asset 3",0.0176789559423986
2023-07-04,"Asset 3",-0.00250476489481031
2023-07-05,"Asset 3",-0.00188112880986218
2023-07-06,"Asset 3",-0.00420829506234815
2023-07-07,"Asset 3",-0.0403115055473263
2023-07-10,"Asset 3",0.00818960940518521
2023-07-11,"Asset 3",-0.00223863670180729
2023-07-12,"Asset 3",0.0151071425955603
2023-07-13,"Asset 3",0.0141561205652908
2023-07-14,"Asset 3",0.000722411668287022
2023-07-17,"Asset 3",0.00143610403631239
2023-07-18,"Asset 3",0.0057689144694876
2023-07-19,"Asset 3",0.00144489766987075
2023-07-20,"Asset 3",-0.00879485489392579
2023-07-21,"Asset 3",0.00526203862344771
2023-07-24,"Asset 3",0.00981234065696771
2023-07-25,"Asset 3",0.0268755244371231
2023-07-26,"Asset 3",0.000388870242170567
2023-07-27,"Asset 3",0.00866864776565457
2023-07-28,"Asset 3",0.00412464724880945
2023-07-31,"Asset 3",0.00619167284239397
2023-08-01,"Asset 3",-0.00498885123667552
2023-08-02,"Asset 3",-0.000535135770085993
2023-08-03,"Asset 3",0.0105395485693028
2023-08-04,"Asset 3",0.00847727495714393
2023-08-07,"Asset 3",0.022836327148314
2023-08-08,"Asset 3",0.000356031927317901
2023-08-09,"Asset 3",0.00663157679219002
2023-08-10,"Asset 3",0.0173042803628329
2023-08-11,"Asset 3",-0.00968668917034476
2023-08-14,"Asset 3",-0.0153468565524198
2023-08-15,"Asset 3",0.00903999789132785
2023-08-16,"Asset 3",-0.0103481934054691
2023-08-17,"Asset 3",-0.00446542098746259
2023-08-18,"Asset 3",-0.0317908012192498
2023-08-21,"Asset 3",-0.00343192949081176
2023-08-22,"Asset 3",0.0160303730480599
2023-08-23,"Asset 3",0.00268250698722788
2023-08-24,"Asset 3",0.0355280203310213
2023-08-25,"Asset 3",-0.00848163841228469
2023-08-28,"Asset 3",0.00470768523563501
2023-08-29,"Asset 3",0.000694209958605349
2023-08-30,"Asset 3",0.00461864666911898
2023-08-31,"Asset 3",-0.00535730579080885
2023-09-01,"Asset 3",-0.000260785206455691
2023-09-04,"Asset 3",0.0122244351593005
2023-09-05,"Asset 3",0.0158994034616178
2023-09-06,"Asset 3",-0.00817534743559197
2023-09-07,"Asset 3",-0.000117699135868609
2023-09-08,"Asset 3",-0.000271161237070312
2023-09-11,"Asset 3",0.0047332460280139
2023-09-12,"Asset 3",-0.0139488567196095
2023-09-13,"Asset 3",0.00407295909957859
2023-09-14,"Asset 3",0.00623596470604636
2023-09-15,"Asset 3",0.00306673183148521
2023-09-18,"Asset 3",0.0108168794900554
2023-09-19,"Asset 3",0.00818317601892594
2023-09-20,"Asset 3",0.0100088722805983
2023-09-21,"Asset 3",-0.0174893251616579
2023-09-22,"Asset 3",0.000961564114047565
2023-09-25,"Asset 3",0.021084765786713
2023-09-26,"Asset 3",0.0140749098878705
2023-09-27,"Asset 3",-0.00428079420455455
2023-09-28,"Asset 3",0.00991001187693291
2023-09-29,"Asset 3",-0.0135767376257656
2023-10-02,"Asset 3",-0.00844483216651502
2023-10-03,"Asset 3",0.0127442243369331
2023-10-04,"Asset 3",-0.0443841943749694
2023-10-05,"Asset 3",0.0114933769052286
2023-10-06,"Asset 3",-0.00783130903321179
2023-10-09,"Asset 3",0.00471415586969855
2023-10-10,"Asset 3",-0.0692978228164942
2023-10-11,"Asset 3",-0.00509536818165693
2023-10-12,"Asset 3",0.0204500104307123
2023-10-13,"Asset 3",-0.00676435259700704
2023-10-16,"Asset 3",-0.000106388476588051
2023-10-17,"Asset 3",-0.00262908838286247
2023-10-18,"Asset 3",-0.0115703775594269
2023-10-19,"Asset 3",0.00193059169035987
2023-10-20,"Asset 3",-0.00564121982405119
2023-10-23,"Asset 3",-0.0169873844718648
2023-10-24,"Asset 3",-0.00153554962747512
2023-10-25,"Asset 3",-0.00245285464956414
2023-10-26,"Asset 3",0.00295779733574486
2023-10-27,"Asset 3",0.0133454719524882
2023-10-30,"Asset 3",0.00907661757425828
2023-10-31,"Asset 3",0.0133665773913865
2023-11-01,"Asset 3",0.00140160127207707
2023-11-02,"Asset 3",0.0083525330389954
2023-11-03,"Asset 3",-7.87611685947956e-05
2023-11-06,"Asset 3",-0.00215053936041963
2023-11-07,"Asset 3",0.0124508883486542
2023-11-08,"Asset 3",-0.00977226215295457
2023-11-09,"Asset 3",-0.00488239991698325
2023-11-10,"Asset 3",0.0125609028292533
2023-11-13,"Asset 3",-0.0822595386313884
2023-11-14,"Asset 3",0.0201650236737003
2023-11-15,"Asset 3",-0.00734015266883145
2023-11-16,"Asset 3",0.0117930421238394
2023-11-17,"Asset 3",0.0011489148096531
2023-11-20,"Asset 3",0.000462271163923434
2023-11-21,"Asset 3",-0.00158891170216725
2023-11-22,"Asset 3",0.0129764990107969
2023-11-23,"Asset 3",-0.00266716841310563
2023-11-24,"Asset 3",0.000373604272193598
2023-11-27,"Asset 3",0.00458065243968547
2023-11-28,"Asset 3",0.00889917551921593
2023-11-29,"Asset 3",0.00825516689482672
2023-11-30,"Asset 3",-0.0848435056199471
2023-12-01,"Asset 3",-0.0162357693302054
2023-12-04,"Asset 3",0.00196573985454094
2023-12-05,"Asset 3",-0.0346344562737683
2023-12-06,"Asset 3",0.0102814000507176
2023-12-07,"Asset 3",-0.0683517136671397
2023-12-08,"Asset 3",0.00340523928222094
2023-12-11,"Asset 3",-0.00323575798117175
2023-12-12,"Asset 3",0.00225461114781363
2023-12-13,"Asset 3",0.0121491160907597
2023-12-14,"Asset 3",-0.0199772564137266
2023-12-15,"Asset 3",0.0062254599496386
2023-12-18,"Asset 3",-0.00571014285808996
2023-12-19,"Asset 3",0.00720111471326002
2023-12-20,"Asset 3",0.0120993874617327
2023-12-21,"Asset 3",-7.20412750542517e-05
2023-12-22,"Asset 3",-0.000770747450302718
2023-12-25,"Asset 3",0.00139763382308849
2023-12-26,"Asset 3",0.00679709703585354
2023-12-27,"Asset 3",-0.0102796562872561
2023-12-28,"Asset 3",-0.00650906302081741
2023-12-29,"Asset 3",0.00793603496193513
2024-01-01,"Asset 3",0.00890253727600589
2024-01-02,"Asset 3",0.0100338819446709
2024-01-03,"Asset 3",-0.0018281030896431
2024-01-04,"Asset 3",0.011961840410831
2024-01-05,"Asset 3",0.00658169358397408
2024-01-08,"Asset 3",-0.0754301885711169
2024-01-09,"Asset 3",0.00433312959706442
2024-01-10,"Asset 3",0.00181969361237621
2024-01-11,"Asset 3",0.00103627097319946
2024-01-12,"Asset 3",-0.00161832416966148
2024-01-15,"Asset 3",0.000975831183698702
2024-01-16,"Asset 3",0.00905388750167285
2024-01-17,"Asset 3",-0.0659438049510854
2024-01-18,"Asset 3",0.000239980293941165
2024-01-19,"Asset 3",-0.00712368611328472
2024-01-22,"Asset 3",-0.00305940255626966
2024-01-23,"Asset 3",-0.0154781942295013
2024-01-24,"Asset 3",-0.00476573632282301
2024-01-25,"Asset 3",0.0115216645676406
2024-01-26,"Asset 3",0.00348019809190185
2024-01-29,"Asset 3",0.0229547094165074
2024-01-30,"Asset 3",0.00824888288219194
2024-01-31,"Asset 3",-0.010691481629457
2024-02-01,"Asset 3",-0.000501133961853265
2024-02-02,"Asset 3",-0.000855810400815436
2024-02-05,"Asset 3",0.0074746904305609
2024-02-06,"Asset 3",-0.00770100901793439
2024-02-07,"Asset 3",0.00368244192691968
2024-02-08,"Asset 3",-0.000666161740097001
2024-02-09,"Asset 3",0.00963034162290421
2024-02-12,"Asset 3",-0.00372154682622115
2024-02-13,"Asset 3",-0.00651497685178845
2024-02-14,"Asset 3",0.0214252623337084
2024-02-15,"Asset 3",-0.0094174572455574
2024-02-16,"Asset 3",-0.00124541509398798
2024-02-19,"Asset 3",-0.00136995272982826
2024-02-20,"Asset 3",-0.00484299494543772
2024-02-21,"Asset 3",-0.0126200866149781
2024-02-22,"Asset 3",0.00152660751748043
2024-02-23,"Asset 3",-0.0079538009666876
2024-02-26,"Asset 3",0.0166141077326356
2024-02-27,"Asset 3",-0.0115680374002401
2024-02-28,"Asset 3",0.0117560036120811
2024-02-29,"Asset 3",0.0135538707100836
2024-03-01,"Asset 3",-0.0189934722241132
2024-03-04,"Asset 3",0.0265201241820519
2024-03-05,"Asset 3",0.00585500341495569
2024-03-06,"Asset 3",0.0124238639625491
2024-03-07,"Asset 3",-0.0122075942283136
2024-03-08,"Asset 3",-0.00579687769051327
2024-03-11,"Asset 3",0.0109037109302838
2024-03-12,"Asset 3",-0.00459214762329157
2024-03-13,"Asset 3",0.0194270633945999
2024-03-14,"Asset 3",-0.00324589305264136
2024-03-15,"Asset 3",0.00602991296120758
2024-03-18,"Asset 3",0.00110289967152364
2024-03-19,"Asset 3",-0.000734715019855458
2024-03-20,"Asset 3",0.00179377500548465
2024-03-21,"Asset 3",0.00562706308442738
2024-03-22,"Asset 3",-0.000738303218942512
2024-03-25,"Asset 3",-0.0375417002158913
2024-03-26,"Asset 3",0.0568946499447785
2024-03-27,"Asset 3",0.00667868470882701
2024-03-28,"Asset 3",0.00720184161925714
2024-03-29,"Asset 3",-0.00255917550503756
2024-04-01,"Asset 3",0.013599139573055
2024-04-02,"Asset 3",0.0182621824304715
2024-04-03,"Asset 3",0.000503772069511002
2024-04-04,"Asset 3",-0.000601243552899263
2024-04-05,"Asset 3",-0.00663156653067637
2024-04-08,"Asset 3",0.00574812773590216
2024-04-09,"Asset 3",-0.0217805185491568
2024-04-10,"Asset 3",0.0136933210978014
2024-04-11,"Asset 3",0.000879782967099217
2024-04-12,"Asset 3",0.0394041443067177
2024-04-15,"Asset 3",-0.0367199468683503
2024-04-16,"Asset 3",0.00135859949886234
2024-04-17,"Asset 3",-0.0108186481844561
2024-04-18,"Asset 3",-0.00587694003941551
2024-04-19,"Asset 3",-0.0117168416147606
2024-04-22,"Asset 3",0.00198834899909739
2024-04-23,"Asset 3",0.0158938802965348
2024-04-24,"Asset 3",0.00990131784087664
2024-04-25,"Asset 3",0.0226906063104741
2024-04-26,"Asset 3",-0.0804475384042548
2024-04-29,"Asset 3",-0.00936775143686351
2024-04-30,"Asset 3",-0.00712940275982683
2024-05-01,"Asset 3",0.0142137617006149
2024-05-02,"Asset 3",-0.00879361547185828
2024-05-03,"Asset 3",0.0101613583227669
2024-05-06,"Asset 3",0.027096025801261
2024-05-07,"Asset 3",-0.00505436402388113
2024-05-08,"Asset 3",0.00564806695605187
2024-05-09,"Asset 3",-0.00222138072151065
2024-05-10,"Asset 3",0.00770515979434919
2024-05-13,"Asset 3",0.0051843033373735
2024-05-14,"Asset 3",0.0201680717246135
2024-05-15,"Asset 3",0.00819200283173098
2024-05-16,"Asset 3",0.00643301050632341
2024-05-17,"Asset 3",-0.0399305206124253
2024-05-20,"Asset 3",0.00226933344187013
2024-05-21,"Asset 3",0.000468211409393318
2024-05-22,"Asset 3",-0.000491748800337588
2024-05-23,"Asset 3",0.0243822066673592
2024-05-24,"Asset 3",0.000311290972818451
2024-05-27,"Asset 3",0.00904038211538224
2024-05-28,"Asset 3",0.00728191182743021
2024-05-29,"Asset 3",0.0276786871243113
2024-05-30,"Asset 3",0.0200581377636675
2024-05-31,"Asset 3",0.034702850548235
2024-06-03,"Asset 3",0.00194363330501852
2024-06-04,"Asset 3",0.00749096541886929
2024-06-05,"Asset 3",0.0317495497035291
2024-06-06,"Asset 3",0.00778249675903605
2024-06-07,"Asset 3",-0.0169943647048005
2024-06-10,"Asset 3",-0.0144501494722361
2024-06-11,"Asset 3",0.0190669081779994
2024-06-12,"Asset 3",0.00974876340147109
2024-06-13,"Asset 3",0.00953321442105041
2024-06-14,"Asset 3",-0.00990516704204593
2024-06-17,"Asset 3",-0.000777933308289709
2024-06-18,"Asset 3",0.00246171821471548
2024-06-19,"Asset 3",-0.00657480511470584
2024-06-20,"Asset 3",0.00280817386367954
2024-06-21,"Asset 3",6.26862933721198e-05
2024-06-24,"Asset 3",0.00891817418003447
2024-06-25,"Asset 3",0.0143197175030142
2024-06-26,"Asset 3",0.00690328370881322
2024-06-27,"Asset 3",-0.0161087336570985
2024-06-28,"Asset 3",0.00710581316177773
2024-07-01,"Asset 3",0.0019009852543625
2024-07-02,"Asset 3",-0.000160810661401509
2024-07-03,"Asset 3",0.00305339423122982
2024-07-04,"Asset 3",-0.00919337209982789
2024-07-05,"Asset 3",0.000419972325148522
2024-07-08,"Asset 3",-0.0193032659450776
2024-07-09,"Asset 3",0.0259119328440758
2024-07-10,"Asset 3",0.00743519621626862
2024-07-11,"Asset 3",0.0358420803208796
2024-07-12,"Asset 3",-0.00954965667460244
2024-07-15,"Asset 3",0.0126969633872984
2024-07-16,"Asset 3",0.000776826991490328
2024-07-17,"Asset 3",0.00551055587372282
2024-07-18,"Asset 3",0.0466512112853882
2024-07-19,"Asset 3",0.013750569887258
2024-07-22,"Asset 3",0.00485398803854443
2024-07-23,"Asset 3",-0.0564689884310578
2024-07-24,"Asset 3",0.0203569785104312
2024-07-25,"Asset 3",0.00624257604697163
2024-07-26,"Asset 3",0.0255454324159408
2024-07-29,"Asset 3",-0.0164474060683947
2024-07-30,"Asset 3",-0.00443946802730673
2024-07-31,"Asset 3",0.0211484457610345
2024-08-01,"Asset 3",-0.0029411883318841
2024-08-02,"Asset 3",0.00017455584741652
2024-08-05,"Asset 3",-0.0173480128681023
2024-08-06,"Asset 3",0.0161395898444224
2024-08-07,"Asset 3",0.00508128101624439
2024-08-08,"Asset 3",-0.00109385739128044
2024-08-09,"Asset 3",0.00586308997796012
2024-08-12,"Asset 3",-0.0181444705709557
2024-08-13,"Asset 3",-0.00768751584029708
2024-08-14,"Asset 3",0.0178363235952786
2024-08-15,"Asset 3",-0.0669430195546052
2024-08-16,"Asset 3",0.0107498395030752
2024-08-19,"Asset 3",-0.0152897447751995
2024-08-20,"Asset 3",0.00795173973202243
2024-08-21,"Asset 3",-0.00045204536795377
2024-08-22,"Asset 3",-0.0170436139745977
2024-08-23,"Asset 3",-0.000814620660778553
2024-08-26,"Asset 3",0.00309066446406718
2024-08-27,"Asset 3",0.0134051167608118
2024-08-28,"Asset 3",-0.011333803661142
2024-08-29,"Asset 3",0.00472749706102337
2024-08-30,"Asset 3",0.00622624740551956
2024-09-02,"Asset 3",0.0153179523585094
2024-09-03,"Asset 3",-0.00111028357311745
2024-09-04,"Asset 3",-0.0150809702501513
2024-09-05,"Asset 3",0.0062892022012731
2024-09-06,"Asset 3",-0.0140756757330135
2024-09-09,"Asset 3",0.00281138050579803
2024-09-10,"Asset 3",-0.000520176037167055
2024-09-11,"Asset 3",-0.0542438507177523
2024-09-12,"Asset 3",-0.0213050156871535
2024-09-13,"Asset 3",-0.00423532666443452
2024-09-16,"Asset 3",-0.0113574611095876
2024-09-17,"Asset 3",-0.0061464341242355
2024-09-18,"Asset 3",0.0205117644518094
2024-09-19,"Asset 3",-0.0113436475056558
2024-09-20,"Asset 3",0.00677473110792054
2024-09-23,"Asset 3",-0.00586589797135616
2024-09-24,"Asset 3",-0.00218200987748065
2024-09-25,"Asset 3",0.00961239484458063
2024-09-26,"Asset 3",-0.00951586328147498
2024-09-27,"Asset 3",2.7173287049284e-05
2024-09-30,"Asset 3",-0.00964798121481764
2024-10-01,"Asset 3",-0.0126058850465233
2024-10-02,"Asset 3",-0.0742601776086239
2024-10-03,"Asset 3",-0.0320089158286491
2024-10-04,"Asset 3",0.00759769164058975
2024-10-07,"Asset 3",0.0176030398133135
2024-10-08,"Asset 3",0.00506555217588191
2024-10-09,"Asset 3",-0.0133874499651828
2024-10-10,"Asset 3",-0.00448501063633594
2024-10-11,"Asset 3",0.00341018908221249
2024-10-14,"Asset 3",-0.0102144929031865
2024-10-15,"Asset 3",0.00501883835241461
2024-10-16,"Asset 3",-0.0305419119448715
2024-10-17,"Asset 3",-0.0348308037338306
2024-10-18,"Asset 3",0.00112864242350665
2024-10-21,"Asset 3",0.0176600348475669
2024-10-22,"Asset 3",0.0109117559786444
2024-10-23,"Asset 3",0.0114888356557795
2024-10-24,"Asset 3",0.00857806649453759
2024-10-25,"Asset 3",0.00743523478447996
2024-10-28,"Asset 3",0.0122797290794608
2024-10-29,"Asset 3",0.0110713994895982
2020-01-01,"Asset 4",-0.0320490716427815
2020-01-02,"Asset 4",0.0212172722805994
2020-01-03,"Asset 4",-0.00774347227989546
2020-01-06,"Asset 4",-0.0193073532538942
2020-01-07,"Asset 4",0.0128909145579761
2020-01-08,"Asset 4",0.00837501475549039
2020-01-09,"Asset 4",-0.012032866026914
2020-01-10,"Asset 4",-0.0160414362580091
2020-01-13,"Asset 4",0.0010745917009435
2020-01-14,"Asset 4",0.00356960471388082
2020-01-15,"Asset 4",-0.000931904777947356
2020-01-16,"Asset 4",0.00497706162008089
2020-01-17,"Asset 4",-0.00346803520747015
2020-01-20,"Asset 4",-0.009665181097975
2020-01-21,"Asset 4",0.00600410438658208
2020-01-22,"Asset 4",-0.00987913700673511
2020-01-23,"Asset 4",0.00842119783241006
2020-01-24,"Asset 4",-0.00199409261664266
2020-01-27,"Asset 4",-0.00119365068513836
2020-01-28,"Asset 4",-0.0019957608281165
2020-01-29,"Asset 4",-0.0141612800769153
2020-01-30,"Asset 4",0.000689660752547215
2020-01-31,"Asset 4",0.012374191657583
2020-02-03,"Asset 4",0.00526128058450234
2020-02-04,"Asset 4",0.000350513249727203
2020-02-05,"Asset 4",0.0175003283453423
2020-02-06,"Asset 4",-0.0235315720678933
2020-02-07,"Asset 4",0.0193075249995842
2020-02-10,"Asset 4",-0.00641229057191136
2020-02-11,"Asset 4",-0.000828262769539392
2020-02-12,"Asset 4",0.00260877984964558
2020-02-13,"Asset 4",-0.0108150840418827
2020-02-14,"Asset 4",0.00557467529934708
2020-02-17,"Asset 4",-0.00659906563211766
2020-02-18,"Asset 4",0.0161918509887999
2020-02-19,"Asset 4",0.0122105921118123
2020-02-20,"Asset 4",0.018252588206677
2020-02-21,"Asset 4",-0.00248073342418403
2020-02-24,"Asset 4",-0.0039383143294355
2020-02-25,"Asset 4",0.00744564612111988
2020-02-26,"Asset 4",0.00797155364512436
2020-02-27,"Asset 4",0.0252215503490072
2020-02-28,"Asset 4",0.00542801292832439
2020-03-02,"Asset 4",-0.0409713240489498
2020-03-03,"Asset 4",-0.00669097927473225
2020-03-04,"Asset 4",-0.00870058493951706
2020-03-05,"Asset 4",0.00902162364569173
2020-03-06,"Asset 4",-0.00505684148950929
2020-03-09,"Asset 4",0.01132647938462
2020-03-10,"Asset 4",-0.00454365896737748
2020-03-11,"Asset 4",-0.00225584615291675
2020-03-12,"Asset 4",-0.032140122365455
2020-03-13,"Asset 4",0.00118478392603159
2020-03-16,"Asset 4",0.0119279843112684
2020-03-17,"Asset 4",-0.00311113026273566
2020-03-18,"Asset 4",-0.00970485623388352
2020-03-19,"Asset 4",-0.0204540390548805
2020-03-20,"Asset 4",0.0231181700975404
2020-03-23,"Asset 4",0.0106205853011688
2020-03-24,"Asset 4",-0.0147321274332864
2020-03-25,"Asset 4",-0.00482104296087127
2020-03-26,"Asset 4",0.0101876778754388
2020-03-27,"Asset 4",0.0105490634614876
2020-03-30,"Asset 4",0.0047234171053602
2020-03-31,"Asset 4",-0.0183510277827153
2020-04-01,"Asset 4",-0.00944584109704219
2020-04-02,"Asset 4",0.0035997586579768
2020-04-03,"Asset 4",-0.00512379999462951
2020-04-06,"Asset 4",0.00664123993676401
2020-04-07,"Asset 4",0.0048693365113734
2020-04-08,"Asset 4",0.00199011692979388
2020-04-09,"Asset 4",-0.00811439750422987
2020-04-10,"Asset 4",0.0150985235597401
2020-04-13,"Asset 4",-0.017709028290533
2020-04-14,"Asset 4",0.00631796264391122
2020-04-15,"Asset 4",0.00596076386712414
2020-04-16,"Asset 4",-0.00628934759783395
2020-04-17,"Asset 4",-0.00419413550693665
2020-04-20,"Asset 4",-0.00670218695676327
2020-04-21,"Asset 4",0.00183280360263862
2020-04-22,"Asset 4",-0.0132698266245653
2020-04-23,"Asset 4",0.0208613290487112
2020-04-24,"Asset 4",-0.0152201712012497
2020-04-27,"Asset 4",-0.00340336648951105
2020-04-28,"Asset 4",0.00660499734152114
2020-04-29,"Asset 4",-0.0214983600954663
2020-04-30,"Asset 4",0.0205337936823711
2020-05-01,"Asset 4",0.00117478484947174
2020-05-04,"Asset 4",0.00797229162493976
2020-05-05,"Asset 4",0.00567613332180394
2020-05-06,"Asset 4",-0.000852679510995591
2020-05-07,"Asset 4",-0.000266984987176996
2020-05-08,"Asset 4",-0.00443061169664402
2020-05-11,"Asset 4",-0.0181400567360733
2020-05-12,"Asset 4",0.0296560835573546
2020-05-13,"Asset 4",-0.000735658222546044
2020-05-14,"Asset 4",0.000928270668672781
2020-05-15,"Asset 4",-0.066810182878266
2020-05-18,"Asset 4",-0.0119811085762532
2020-05-19,"Asset 4",-0.0248763009869108
2020-05-20,"Asset 4",0.0161070423262128
2020-05-21,"Asset 4",0.014307537775945
2020-05-22,"Asset 4",0.0184345444943418
2020-05-25,"Asset 4",-0.00442086293699194
2020-05-26,"Asset 4",0.00200529199208377
2020-05-27,"Asset 4",0.0025497664577849
2020-05-28,"Asset 4",0.00818862654974169
2020-05-29,"Asset 4",-0.0110713544712563
2020-06-01,"Asset 4",0.0169035561267206
2020-06-02,"Asset 4",-0.00945686074870718
2020-06-03,"Asset 4",-0.0052391112864121
2020-06-04,"Asset 4",0.0345019299406232
2020-06-05,"Asset 4",0.0200342432734245
2020-06-08,"Asset 4",0.00811466907637032
2020-06-09,"Asset 4",-0.00555896885647395
2020-06-10,"Asset 4",-0.0132141022965549
2020-06-11,"Asset 4",-0.0038298633208871
2020-06-12,"Asset 4",-0.00845663357561604
2020-06-15,"Asset 4",-0.0122888735063564
2020-06-16,"Asset 4",-0.0109496225571093
2020-06-17,"Asset 4",-0.00619808123788467
2020-06-18,"Asset 4",0.0200140309735677
2020-06-19,"Asset 4",-0.00689275064251912
2020-06-22,"Asset 4",0.01065741823883
2020-06-23,"Asset 4",-0.012188545325195
2020-06-24,"Asset 4",0.0247076739102872
2020-06-25,"Asset 4",-0.00516071046644779
2020-06-26,"Asset 4",-0.0306071857941149
2020-06-29,"Asset 4",-0.00325978583989808
2020-06-30,"Asset 4",-0.0123854932594778
2020-07-01,"Asset 4",0.01187376033639
2020-07-02,"Asset 4",0.00482349910801111
2020-07-03,"Asset 4",-0.0133784860147244
2020-07-06,"Asset 4",-0.00305061872833797
2020-07-07,"Asset 4",0.0353707833048955
2020-07-08,"Asset 4",-0.0210270789721395
2020-07-09,"Asset 4",0.00651085361004957
2020-07-10,"Asset 4",-0.0309198887549014
2020-07-13,"Asset 4",-0.0350785387872436
2020-07-14,"Asset 4",-0.0110623138797625
2020-07-15,"Asset 4",-0.0072834804772666
2020-07-16,"Asset 4",0.00175714641460337
2020-07-17,"Asset 4",0.00959375104267774
2020-07-20,"Asset 4",-0.000469570571270928
2020-07-21,"Asset 4",-0.0214286079190918
2020-07-22,"Asset 4",0.00688859420674372
2020-07-23,"Asset 4",0.0113492106379778
2020-07-24,"Asset 4",0.0147993387822036
2020-07-27,"Asset 4",-0.0339532278998055
2020-07-28,"Asset 4",-0.00125300962540858
2020-07-29,"Asset 4",0.00334029891699496
2020-07-30,"Asset 4",0.0161953970615458
2020-07-31,"Asset 4",0.00985860909352804
2020-08-03,"Asset 4",-0.0117973916402916
2020-08-04,"Asset 4",0.0112256913966334
2020-08-05,"Asset 4",-0.00555683409240182
2020-08-06,"Asset 4",0.00322414909704765
2020-08-07,"Asset 4",-0.00638826081274314
2020-08-10,"Asset 4",0.000184407226125553
2020-08-11,"Asset 4",0.00234476871352481
2020-08-12,"Asset 4",-0.0291626065896761
2020-08-13,"Asset 4",-0.00648406920823526
2020-08-14,"Asset 4",-0.0166100988850058
2020-08-17,"Asset 4",0.0072158336957309
2020-08-18,"Asset 4",0.00870532268863474
2020-08-19,"Asset 4",-0.00362234810565166
2020-08-20,"Asset 4",-0.00999135186591463
2020-08-21,"Asset 4",0.0135736170338753
2020-08-24,"Asset 4",-0.0200674542775997
2020-08-25,"Asset 4",-0.0141516221551089
2020-08-26,"Asset 4",-0.00461385223379118
2020-08-27,"Asset 4",-0.00117853836560214
2020-08-28,"Asset 4",0.00308961950480508
2020-08-31,"Asset 4",0.00379100708799946
2020-09-01,"Asset 4",0.0159118876577701
2020-09-02,"Asset 4",0.00429141127740348
2020-09-03,"Asset 4",-0.00248695503628863
2020-09-04,"Asset 4",0.00357325431374805
2020-09-07,"Asset 4",0.000414059050134364
2020-09-08,"Asset 4",1.29889370845405e-05
2020-09-09,"Asset 4",-0.00842284790661696
2020-09-10,"Asset 4",0.0107841193705776
2020-09-11,"Asset 4",0.00255652182998141
2020-09-14,"Asset 4",0.000143165009345555
2020-09-15,"Asset 4",-0.00814957466933476
2020-09-16,"Asset 4",-0.0106514467254761
2020-09-17,"Asset 4",0.00144752068098117
2020-09-18,"Asset 4",0.0319253861889799
2020-09-21,"Asset 4",-0.0173640649471914
2020-09-22,"Asset 4",-0.00392940350596462
2020-09-23,"Asset 4",0.0168470919884114
2020-09-24,"Asset 4",-0.0118374961520781
2020-09-25,"Asset 4",-0.00232093357383665
2020-09-28,"Asset 4",0.0185215796919802
2020-09-29,"Asset 4",0.00872289124056091
2020-09-30,"Asset 4",0.0108589601650355
2020-10-01,"Asset 4",-0.00146611374512813
2020-10-02,"Asset 4",0.0121844420279536
2020-10-05,"Asset 4",0.0144251129955659
2020-10-06,"Asset 4",-0.00211787895366737
2020-10-07,"Asset 4",-0.00348440276872382
2020-10-08,"Asset 4",0.00311271285486724
2020-10-09,"Asset 4",-0.00466065928781212
2020-10-12,"Asset 4",0.00560785929803481
2020-10-13,"Asset 4",-0.014404099574681
2020-10-14,"Asset 4",-0.0134898073938605
2020-10-15,"Asset 4",-0.0112274117792103
2020-10-16,"Asset 4",0.00333541043820236
2020-10-19,"Asset 4",-0.0159307297549067
2020-10-20,"Asset 4",0.0595854934008208
2020-10-21,"Asset 4",-0.0296227869724521
2020-10-22,"Asset 4",0.00204196680733989
2020-10-23,"Asset 4",-0.0116043552795591
2020-10-26,"Asset 4",0.0127925624045684
2020-10-27,"Asset 4",0.005207421103802
2020-10-28,"Asset 4",0.0248472250961699
2020-10-29,"Asset 4",-0.00488968623970822
2020-10-30,"Asset 4",-0.00637391829384895
2020-11-02,"Asset 4",0.00628718209993739
2020-11-03,"Asset 4",0.00477141554368917
2020-11-04,"Asset 4",-0.012268462181676
2020-11-05,"Asset 4",0.0209746468501772
2020-11-06,"Asset 4",-0.00313883161260521
2020-11-09,"Asset 4",-0.00314497437044573
2020-11-10,"Asset 4",0.00422718415685326
2020-11-11,"Asset 4",0.0218280932015151
2020-11-12,"Asset 4",-0.0134044761385443
2020-11-13,"Asset 4",-0.00336359619658045
2020-11-16,"Asset 4",0.0132176554271954
2020-11-17,"Asset 4",0.0203945094822682
2020-11-18,"Asset 4",0.0280473060386796
2020-11-19,"Asset 4",0.00301062253833193
2020-11-20,"Asset 4",0.00128405778365242
2020-11-23,"Asset 4",-0.0383944397462671
2020-11-24,"Asset 4",-0.0246509093026743
2020-11-25,"Asset 4",0.00116888919793297
2020-11-26,"Asset 4",-0.00518758386106726
2020-11-27,"Asset 4",-0.0170316871411804
2020-11-30,"Asset 4",0.0112967863753509
2020-12-01,"Asset 4",0.00582769763070764
2020-12-02,"Asset 4",0.0118230920901079
2020-12-03,"Asset 4",-0.0196034118511475
2020-12-04,"Asset 4",0.0246707983280121
2020-12-07,"Asset 4",-0.00130830204236762
2020-12-08,"Asset 4",-0.0437174082233839
2020-12-09,"Asset 4",0.0241142538204844
2020-12-10,"Asset 4",0.00541256418602015
2020-12-11,"Asset 4",-0.0344905107858988
2020-12-14,"Asset 4",0.00104495589943976
2020-12-15,"Asset 4",-0.00100823123218596
2020-12-16,"Asset 4",0.0156502504511574
2020-12-17,"Asset 4",-0.0241764670045694
2020-12-18,"Asset 4",0.0171734267191632
2020-12-21,"Asset 4",-0.00280580578507274
2020-12-22,"Asset 4",0.00166297888482757
2020-12-23,"Asset 4",-0.00801397334504074
2020-12-24,"Asset 4",0.0129464672457926
2020-12-25,"Asset 4",-0.0052568009720875
2020-12-28,"Asset 4",-0.0545501145982108
2020-12-29,"Asset 4",0.00428128549838691
2020-12-30,"Asset 4",-0.00508091321793781
2020-12-31,"Asset 4",0.0118186590896344
2021-01-01,"Asset 4",0.0220047418351476
2021-01-04,"Asset 4",0.0102393881599385
2021-01-05,"Asset 4",0.00604307217449952
2021-01-06,"Asset 4",0.000264428597406041
2021-01-07,"Asset 4",-0.0229630688050873
2021-01-08,"Asset 4",0.00198431265689291
2021-01-11,"Asset 4",0.00580373320580116
2021-01-12,"Asset 4",0.00943341498628394
2021-01-13,"Asset 4",0.00261997398033914
2021-01-14,"Asset 4",0.000274964765114259
2021-01-15,"Asset 4",0.00391973722178256
2021-01-18,"Asset 4",0.00328090355630931
2021-01-19,"Asset 4",-0.0104820967265872
2021-01-20,"Asset 4",0.0392372178522163
2021-01-21,"Asset 4",0.00082742701172683
2021-01-22,"Asset 4",-0.0142282620637604
2021-01-25,"Asset 4",0.00777695343577787
2021-01-26,"Asset 4",-0.00255270888376057
2021-01-27,"Asset 4",0.00207672902430536
2021-01-28,"Asset 4",0.0100000156848968
2021-01-29,"Asset 4",0.00998514918815633
2021-02-01,"Asset 4",0.0337390837094196
2021-02-02,"Asset 4",0.00231628488067381
2021-02-03,"Asset 4",0.023138440953581
2021-02-04,"Asset 4",0.000319619073384617
2021-02-05,"Asset 4",0.00723132832759676
2021-02-08,"Asset 4",0.00334956531647628
2021-02-09,"Asset 4",0.00229221732290909
2021-02-10,"Asset 4",-0.0117494142863831
2021-02-11,"Asset 4",0.00265652694139573
2021-02-12,"Asset 4",-0.0301946143477866
2021-02-15,"Asset 4",-0.00846189834004333
2021-02-16,"Asset 4",0.0302965027521046
2021-02-17,"Asset 4",-0.0004365200545711
2021-02-18,"Asset 4",-0.00848553654372585
2021-02-19,"Asset 4",0.00534216696519595
2021-02-22,"Asset 4",0.00598190201619617
2021-02-23,"Asset 4",0.0133046873535484
2021-02-24,"Asset 4",0.0033089919146402
2021-02-25,"Asset 4",-0.00744586032455857
2021-02-26,"Asset 4",0.00808934465821608
2021-03-01,"Asset 4",0.0128741847798191
2021-03-02,"Asset 4",0.000706344316042581
2021-03-03,"Asset 4",-0.0132192382789725
2021-03-04,"Asset 4",-0.00258072202799366
2021-03-05,"Asset 4",0.000575271618004571
2021-03-08,"Asset 4",0.0253054286394375
2021-03-09,"Asset 4",-0.00784222115331085
2021-03-10,"Asset 4",0.0158805757283648
2021-03-11,"Asset 4",0.0093111184596719
2021-03-12,"Asset 4",0.00358784996887274
2021-03-15,"Asset 4",-0.0249792030259947
2021-03-16,"Asset 4",0.0187572691384065
2021-03-17,"Asset 4",-0.0349415642665875
2021-03-18,"Asset 4",0.0104095417667929
2021-03-19,"Asset 4",0.0017022811355365
2021-03-22,"Asset 4",-0.0155773950421443
2021-03-23,"Asset 4",0.0132531203841618
2021-03-24,"Asset 4",-0.0113361092682881
2021-03-25,"Asset 4",-0.0071150570752408
2021-03-26,"Asset 4",-0.021574969599433
2021-03-29,"Asset 4",-0.0146992083494522
2021-03-30,"Asset 4",0.000493549991421747
2021-03-31,"Asset 4",0.0067073207462235
2021-04-01,"Asset 4",0.00679740786112718
2021-04-02,"Asset 4",-0.0305688339999203
2021-04-05,"Asset 4",0.0170135752487224
2021-04-06,"Asset 4",0.00795884673217553
2021-04-07,"Asset 4",-0.0101932160304501
2021-04-08,"Asset 4",-0.000660288593247742
2021-04-09,"Asset 4",-0.0252335754278672
2021-04-12,"Asset 4",-0.00913997958900797
2021-04-13,"Asset 4",0.0120092375926187
2021-04-14,"Asset 4",-0.00326572493449009
2021-04-15,"Asset 4",-0.0234109301575277
2021-04-16,"Asset 4",0.0209252993601675
2021-04-19,"Asset 4",-0.00945554775854614
2021-04-20,"Asset 4",0.00113760811440709
2021-04-21,"Asset 4",-0.00431866558119593
2021-04-22,"Asset 4",0.00136392607569159
2021-04-23,"Asset 4",-0.0102533374722837
2021-04-26,"Asset 4",-0.0139750829944973
2021-04-27,"Asset 4",-0.00771347982991078
2021-04-28,"Asset 4",-0.0116162338743361
2021-04-29,"Asset 4",0.00399766002510908
2021-04-30,"Asset 4",-0.00335808772958424
2021-05-03,"Asset 4",0.00515926733899559
2021-05-04,"Asset 4",0.0177279460933924
2021-05-05,"Asset 4",-0.0190814737680554
2021-05-06,"Asset 4",0.00312524134516329
2021-05-07,"Asset 4",0.00170058988438555
2021-05-10,"Asset 4",0.00184467876124962
2021-05-11,"Asset 4",0.00355218288496569
2021-05-12,"Asset 4",0.0202987550369799
2021-05-13,"Asset 4",-0.015909570095315
2021-05-14,"Asset 4",0.0193119754978142
2021-05-17,"Asset 4",0.0133271692452749
2021-05-18,"Asset 4",-0.0275108974090657
2021-05-19,"Asset 4",0.000546614129476363
2021-05-20,"Asset 4",-0.00694362216459075
2021-05-21,"Asset 4",0.0293706196681339
2021-05-24,"Asset 4",8.53766375001576e-05
2021-05-25,"Asset 4",-0.00113980175256978
2021-05-26,"Asset 4",0.00215533715939788
2021-05-27,"Asset 4",0.0196734316445134
2021-05-28,"Asset 4",0.0215818073612934
2021-05-31,"Asset 4",-0.0139525087311317
2021-06-01,"Asset 4",0.0174095251561971
2021-06-02,"Asset 4",-0.00284312400635488
2021-06-03,"Asset 4",0.0113704617141384
2021-06-04,"Asset 4",0.0122888920611604
2021-06-07,"Asset 4",-0.00803734839676971
2021-06-08,"Asset 4",9.99342062726594e-05
2021-06-09,"Asset 4",0.0244880219516654
2021-06-10,"Asset 4",0.00396655898726649
2021-06-11,"Asset 4",0.0130084154172389
2021-06-14,"Asset 4",0.0239523575765035
2021-06-15,"Asset 4",-0.0217159280084453
2021-06-16,"Asset 4",0.0161997769161345
2021-06-17,"Asset 4",0.0188911080180389
2021-06-18,"Asset 4",-0.0125223102233963
2021-06-21,"Asset 4",-0.00834103279697861
2021-06-22,"Asset 4",-0.0206980600629916
2021-06-23,"Asset 4",0.00688944866529737
2021-06-24,"Asset 4",0.00560643758123869
2021-06-25,"Asset 4",0.00951441532524309
2021-06-28,"Asset 4",-0.0109257486606361
2021-06-29,"Asset 4",0.0112076260591265
2021-06-30,"Asset 4",0.0252611801539997
2021-07-01,"Asset 4",-0.0141457482852424
2021-07-02,"Asset 4",0.00441068284675935
2021-07-05,"Asset 4",-0.0197561183044436
2021-07-06,"Asset 4",-0.0599953617597894
2021-07-07,"Asset 4",-0.00765159275161152
2021-07-08,"Asset 4",-0.00540576656772636
2021-07-09,"Asset 4",-0.00173428098305128
2021-07-12,"Asset 4",-0.0411330898693236
2021-07-13,"Asset 4",0.0166197437805664
2021-07-14,"Asset 4",0.00162837146435402
2021-07-15,"Asset 4",-0.0195348258402999
2021-07-16,"Asset 4",-0.00808301941678237
2021-07-19,"Asset 4",0.00209866728756291
2021-07-20,"Asset 4",0.0232639208379922
2021-07-21,"Asset 4",-0.00663176631729522
2021-07-22,"Asset 4",0.0121001384955337
2021-07-23,"Asset 4",-0.00083103852082041
2021-07-26,"Asset 4",-0.00656152478101769
2021-07-27,"Asset 4",-0.00590278024437077
2021-07-28,"Asset 4",-0.0124701290557555
2021-07-29,"Asset 4",-0.009294771186749
2021-07-30,"Asset 4",-2.8707001061889e-05
2021-08-02,"Asset 4",-0.0240870522401959
2021-08-03,"Asset 4",0.0189648101080834
2021-08-04,"Asset 4",-0.0450244964092818
2021-08-05,"Asset 4",-0.0222087241659616
2021-08-06,"Asset 4",-0.00927066148187548
2021-08-09,"Asset 4",-0.0157317553999727
2021-08-10,"Asset 4",-0.0145981345833416
2021-08-11,"Asset 4",0.00550967559571843
2021-08-12,"Asset 4",0.0187505145318575
2021-08-13,"Asset 4",-0.0113064482116467
2021-08-16,"Asset 4",-0.0195654178203541
2021-08-17,"Asset 4",-0.0155650713083482
2021-08-18,"Asset 4",0.0250515982868874
2021-08-19,"Asset 4",-0.0237837618798048
2021-08-20,"Asset 4",-0.0238201933074027
2021-08-23,"Asset 4",-0.00671596345422853
2021-08-24,"Asset 4",0.00645275111008156
2021-08-25,"Asset 4",0.0254220772086918
2021-08-26,"Asset 4",0.0184914672878446
2021-08-27,"Asset 4",-0.0032471105234676
2021-08-30,"Asset 4",-0.0192565748729993
2021-08-31,"Asset 4",0.00245286803352912
2021-09-01,"Asset 4",0.00867796096884744
2021-09-02,"Asset 4",0.0153694778879608
2021-09-03,"Asset 4",0.0373479445385148
2021-09-06,"Asset 4",-0.00594940940391993
2021-09-07,"Asset 4",-0.0313206762508226
2021-09-08,"Asset 4",-0.0107047334308346
2021-09-09,"Asset 4",0.00794433042775469
2021-09-10,"Asset 4",-0.00348945331043375
2021-09-13,"Asset 4",-0.00512746659048242
2021-09-14,"Asset 4",-0.015038262959366
2021-09-15,"Asset 4",0.0172312776083772
2021-09-16,"Asset 4",0.0106629639443942
2021-09-17,"Asset 4",-0.00347476160273212
2021-09-20,"Asset 4",-0.00704104867136938
2021-09-21,"Asset 4",-0.00260418353169003
2021-09-22,"Asset 4",-0.00486597134104692
2021-09-23,"Asset 4",-0.0158780195280534
2021-09-24,"Asset 4",-0.00414158693027781
2021-09-27,"Asset 4",0.00113756284793466
2021-09-28,"Asset 4",0.0278650157016678
2021-09-29,"Asset 4",0.0152963670693135
2021-09-30,"Asset 4",-0.00444512948265179
2021-10-01,"Asset 4",-0.0117207601553732
2021-10-04,"Asset 4",0.00242457128377115
2021-10-05,"Asset 4",-0.00504384420610616
2021-10-06,"Asset 4",-0.00509507272133071
2021-10-07,"Asset 4",0.00577469802861086
2021-10-08,"Asset 4",-0.0237222199780056
2021-10-11,"Asset 4",0.0012032651407892
2021-10-12,"Asset 4",-0.00865343108331613
2021-10-13,"Asset 4",0.00378957133510526
2021-10-14,"Asset 4",0.00730802008461674
2021-10-15,"Asset 4",0.0246573329848463
2021-10-18,"Asset 4",-0.0369075806835715
2021-10-19,"Asset 4",0.0148435540942188
2021-10-20,"Asset 4",0.0116980931412975
2021-10-21,"Asset 4",0.00188038202212152
2021-10-22,"Asset 4",0.00992523945628479
2021-10-25,"Asset 4",0.00271012126293382
2021-10-26,"Asset 4",-0.0093597066949532
2021-10-27,"Asset 4",-0.00557522298694963
2021-10-28,"Asset 4",-0.00301116966564143
2021-10-29,"Asset 4",0.00110477538881509
2021-11-01,"Asset 4",-0.0250476628397996
2021-11-02,"Asset 4",-0.00172898256252393
2021-11-03,"Asset 4",0.00777012646600016
2021-11-04,"Asset 4",-0.0128942023807301
2021-11-05,"Asset 4",-0.00083732053075905
2021-11-08,"Asset 4",0.0229687363170291
2021-11-09,"Asset 4",-0.00451717123165306
2021-11-10,"Asset 4",-0.00658858785232545
2021-11-11,"Asset 4",-0.0223822283724697
2021-11-12,"Asset 4",-0.00823204387620353
2021-11-15,"Asset 4",-0.0309989218944461
2021-11-16,"Asset 4",0.00862570041708772
2021-11-17,"Asset 4",-0.00483232890448082
2021-11-18,"Asset 4",-0.00286148801903553
2021-11-19,"Asset 4",0.0159286299863691
2021-11-22,"Asset 4",0.00347311197629023
2021-11-23,"Asset 4",-0.0026566156053583
2021-11-24,"Asset 4",0.0183478062770578
2021-11-25,"Asset 4",0.00877768641219012
2021-11-26,"Asset 4",0.00607266818749341
2021-11-29,"Asset 4",-0.012624349335405
2021-11-30,"Asset 4",0.0199212945042337
2021-12-01,"Asset 4",-0.00610649846806594
2021-12-02,"Asset 4",0.00975076622403289
2021-12-03,"Asset 4",0.00101299753914659
2021-12-06,"Asset 4",0.00951941517996995
2021-12-07,"Asset 4",-0.0125364983573089
2021-12-08,"Asset 4",-0.0105073502954933
2021-12-09,"Asset 4",-0.0213260281142677
2021-12-10,"Asset 4",0.00608452666065757
2021-12-13,"Asset 4",-0.0134701738090148
2021-12-14,"Asset 4",0.0124781252021039
2021-12-15,"Asset 4",0.0049720742374136
2021-12-16,"Asset 4",0.0161687950670525
2021-12-17,"Asset 4",0.00511803408782852
2021-12-20,"Asset 4",0.00627975543368645
2021-12-21,"Asset 4",0.00545200092029458
2021-12-22,"Asset 4",-0.00652218143354972
2021-12-23,"Asset 4",-0.00496236722378068
2021-12-24,"Asset 4",0.0197559125319798
2021-12-27,"Asset 4",0.0100978547107105
2021-12-28,"Asset 4",-0.0195220001277671
2021-12-29,"Asset 4",0.0146452385219151
2021-12-30,"Asset 4",-0.00836327666391574
2021-12-31,"Asset 4",-0.00174410098896651
2022-01-03,"Asset 4",0.0208632928686
2022-01-04,"Asset 4",0.0115105701550939
2022-01-05,"Asset 4",0.0221718651209406
2022-01-06,"Asset 4",0.0165906827293581
2022-01-07,"Asset 4",-0.0149163728779729
2022-01-10,"Asset 4",-0.0169767618070614
2022-01-11,"Asset 4",-0.0092233359551271
2022-01-12,"Asset 4",-0.00922088223491701
2022-01-13,"Asset 4",0.00160604447516205
2022-01-14,"Asset 4",-0.00985463886456255
2022-01-17,"Asset 4",0.0396502002560676
2022-01-18,"Asset 4",-0.00579968574882947
2022-01-19,"Asset 4",0.0275025426717068
2022-01-20,"Asset 4",-0.0057288147376926
2022-01-21,"Asset 4",0.0214151589360504
2022-01-24,"Asset 4",-0.0118999616229657
2022-01-25,"Asset 4",-0.00921287534021991
2022-01-26,"Asset 4",0.00747902938047968
2022-01-27,"Asset 4",0.00678706264612988
2022-01-28,"Asset 4",0.00868971764344579
2022-01-31,"Asset 4",0.0117465129228262
2022-02-01,"Asset 4",-0.0125402159237772
2022-02-02,"Asset 4",0.00599360656658564
2022-02-03,"Asset 4",-0.0214933242774354
2022-02-04,"Asset 4",-0.00586223188461088
2022-02-07,"Asset 4",0.0235090199343117
2022-02-08,"Asset 4",-0.0134987838466688
2022-02-09,"Asset 4",-0.00283006914479464
2022-02-10,"Asset 4",-0.0152905945728556
2022-02-11,"Asset 4",-0.00170588984443311
2022-02-14,"Asset 4",0.00824455487736414
2022-02-15,"Asset 4",-0.00128030766747713
2022-02-16,"Asset 4",-0.00365738333540924
2022-02-17,"Asset 4",-0.00413203468100904
2022-02-18,"Asset 4",-0.00241016762443158
2022-02-21,"Asset 4",0.00504019930974011
2022-02-22,"Asset 4",-0.00505473060272691
2022-02-23,"Asset 4",-0.00532228934837396
2022-02-24,"Asset 4",-0.00463539594739839
2022-02-25,"Asset 4",-0.000888799470713432
2022-02-28,"Asset 4",-0.0116189991530381
2022-03-01,"Asset 4",0.00941498440664938
2022-03-02,"Asset 4",0.00713502731298294
2022-03-03,"Asset 4",-0.00161542352314361
2022-03-04,"Asset 4",0.000794593598913046
2022-03-07,"Asset 4",0.00540486167945864
2022-03-08,"Asset 4",0.00303604898250572
2022-03-09,"Asset 4",0.00786722067822198
2022-03-10,"Asset 4",-0.0124383356420642
2022-03-11,"Asset 4",0.00768431877068038
2022-03-14,"Asset 4",0.00806433723534161
2022-03-15,"Asset 4",-0.0229877700606063
2022-03-16,"Asset 4",-0.00815829612839846
2022-03-17,"Asset 4",0.00186843842374139
2022-03-18,"Asset 4",0.00478330998496403
2022-03-21,"Asset 4",-0.00228713525410695
2022-03-22,"Asset 4",0.0233430053396128
2022-03-23,"Asset 4",0.0259141165173075
2022-03-24,"Asset 4",0.00805136520300853
2022-03-25,"Asset 4",0.000784335174071724
2022-03-28,"Asset 4",-0.00203864786940885
2022-03-29,"Asset 4",-0.0112782931936638
2022-03-30,"Asset 4",0.00512243509299714
2022-03-31,"Asset 4",-0.012556477352865
2022-04-01,"Asset 4",-0.0032346320074436
2022-04-04,"Asset 4",0.00938349649865886
2022-04-05,"Asset 4",0.0113632521533282
2022-04-06,"Asset 4",-0.00699923285785395
2022-04-07,"Asset 4",0.00504671452358155
2022-04-08,"Asset 4",-0.0067901703645963
2022-04-11,"Asset 4",0.0108409281021993
2022-04-12,"Asset 4",-0.0123997445259638
2022-04-13,"Asset 4",0.00347889737115694
2022-04-14,"Asset 4",0.00110883694331972
2022-04-15,"Asset 4",-0.00768962017771783
2022-04-18,"Asset 4",0.0227401691150683
2022-04-19,"Asset 4",0.00847253466950213
2022-04-20,"Asset 4",0.00788732435341142
2022-04-21,"Asset 4",-0.020559664225305
2022-04-22,"Asset 4",-0.00297040895008403
2022-04-25,"Asset 4",-0.0185614140512051
2022-04-26,"Asset 4",0.0104116092382792
2022-04-27,"Asset 4",0.0101236250228311
2022-04-28,"Asset 4",0.00562837026956276
2022-04-29,"Asset 4",-0.00655153761295684
2022-05-02,"Asset 4",-0.0153754531467989
2022-05-03,"Asset 4",-0.00754594055466903
2022-05-04,"Asset 4",0.0112607899303497
2022-05-05,"Asset 4",0.00411911165688298
2022-05-06,"Asset 4",0.0196260043794867
2022-05-09,"Asset 4",-0.00516199443435049
2022-05-10,"Asset 4",-0.000835033195317569
2022-05-11,"Asset 4",0.00360498557116942
2022-05-12,"Asset 4",0.00174022767134232
2022-05-13,"Asset 4",0.0141455953235965
2022-05-16,"Asset 4",0.0244242196979017
2022-05-17,"Asset 4",0.0105864869596993
2022-05-18,"Asset 4",-0.00554542967790459
2022-05-19,"Asset 4",-0.00688482360293093
2022-05-20,"Asset 4",0.0108290713588049
2022-05-23,"Asset 4",0.00230284049607107
2022-05-24,"Asset 4",0.0710150131747209
2022-05-25,"Asset 4",0.00673029401071953
2022-05-26,"Asset 4",0.0351713082129494
2022-05-27,"Asset 4",0.0141577935663463
2022-05-30,"Asset 4",0.00963427587768298
2022-05-31,"Asset 4",-0.0159978645926656
2022-06-01,"Asset 4",-0.00520798414707511
2022-06-02,"Asset 4",-0.00423508588967088
2022-06-03,"Asset 4",-0.0238588541222828
2022-06-06,"Asset 4",-0.0195001239779824
2022-06-07,"Asset 4",0.00621543103121165
2022-06-08,"Asset 4",0.0021730427343991
2022-06-09,"Asset 4",-0.0120410229463873
2022-06-10,"Asset 4",-0.0614015896620907
2022-06-13,"Asset 4",-0.0330513098725469
2022-06-14,"Asset 4",0.00146645648472808
2022-06-15,"Asset 4",-0.017943018064227
2022-06-16,"Asset 4",-0.011464745566776
2022-06-17,"Asset 4",-0.00476979533285794
2022-06-20,"Asset 4",0.00608430300807633
2022-06-21,"Asset 4",-0.0109559676960992
2022-06-22,"Asset 4",-0.00440655407659169
2022-06-23,"Asset 4",0.00895013656877188
2022-06-24,"Asset 4",-0.00661322466088392
2022-06-27,"Asset 4",0.0111014982847079
2022-06-28,"Asset 4",0.0375431968146436
2022-06-29,"Asset 4",-0.00455558589236296
2022-06-30,"Asset 4",-0.0048589841753307
2022-07-01,"Asset 4",0.00361527340527854
2022-07-04,"Asset 4",-0.0113133447627326
2022-07-05,"Asset 4",-0.0125702392728622
2022-07-06,"Asset 4",0.00295538332387134
2022-07-07,"Asset 4",0.0108221778064952
2022-07-08,"Asset 4",0.00665240480939071
2022-07-11,"Asset 4",-0.000823662531773607
2022-07-12,"Asset 4",-0.0103829604233881
2022-07-13,"Asset 4",-0.000742613406660887
2022-07-14,"Asset 4",-0.00791037512374143
2022-07-15,"Asset 4",0.000314367047405028
2022-07-18,"Asset 4",0.000188613120942484
2022-07-19,"Asset 4",-0.0124455767925055
2022-07-20,"Asset 4",-0.0122915674192988
2022-07-21,"Asset 4",0.00470385277625217
2022-07-22,"Asset 4",-0.00891322705380447
2022-07-25,"Asset 4",-0.00489648490951608
2022-07-26,"Asset 4",-0.00979310258033551
2022-07-27,"Asset 4",0.0019926988507341
2022-07-28,"Asset 4",-0.0064055629093598
2022-07-29,"Asset 4",0.00563250214977179
2022-08-01,"Asset 4",-0.00908209707424353
2022-08-02,"Asset 4",0.0128157426708697
2022-08-03,"Asset 4",0.0113306723126902
2022-08-04,"Asset 4",-0.00220846946838728
2022-08-05,"Asset 4",-6.95536391190029e-07
2022-08-08,"Asset 4",-0.0118709064107028
2022-08-09,"Asset 4",0.0165958038472087
2022-08-10,"Asset 4",-0.00724268205531191
2022-08-11,"Asset 4",0.00590028485420482
2022-08-12,"Asset 4",0.00317549208997938
2022-08-15,"Asset 4",0.00970442745387835
2022-08-16,"Asset 4",0.00106432794188447
2022-08-17,"Asset 4",0.0082467522685325
2022-08-18,"Asset 4",0.00938240167515509
2022-08-19,"Asset 4",-0.0108443792588421
2022-08-22,"Asset 4",0.0109823280811201
2022-08-23,"Asset 4",-0.00643750603825616
2022-08-24,"Asset 4",0.0106597911532724
2022-08-25,"Asset 4",-0.0269814374733877
2022-08-26,"Asset 4",0.0125585566643088
2022-08-29,"Asset 4",-0.0126493826656069
2022-08-30,"Asset 4",0.0273185580177186
2022-08-31,"Asset 4",-0.0232691077384512
2022-09-01,"Asset 4",0.00236737681468645
2022-09-02,"Asset 4",-0.00978486604992443
2022-09-05,"Asset 4",-0.00242870818392445
2022-09-06,"Asset 4",-0.00828732774506042
2022-09-07,"Asset 4",0.00404376461257413
2022-09-08,"Asset 4",0.00217907748205626
2022-09-09,"Asset 4",-0.0210488875614633
2022-09-12,"Asset 4",0.0152949891699566
2022-09-13,"Asset 4",0.015131194225009
2022-09-14,"Asset 4",0.0112844942147852
2022-09-15,"Asset 4",0.00576368783101102
2022-09-16,"Asset 4",-0.00905739846816894
2022-09-19,"Asset 4",0.00831290382708905
2022-09-20,"Asset 4",0.0131619340356311
2022-09-21,"Asset 4",-0.000624980288193639
2022-09-22,"Asset 4",-0.00484532347862114
2022-09-23,"Asset 4",0.0117833642917851
2022-09-26,"Asset 4",-0.0114348131610571
2022-09-27,"Asset 4",-0.0013331804529531
2022-09-28,"Asset 4",-0.0147091749168429
2022-09-29,"Asset 4",-0.00139465391216508
2022-09-30,"Asset 4",-0.00441502087177761
2022-10-03,"Asset 4",-0.00138573698047838
2022-10-04,"Asset 4",0.00876079591032182
2022-10-05,"Asset 4",-0.00361656280652547
2022-10-06,"Asset 4",-0.0122099688844781
2022-10-07,"Asset 4",0.00316930427314815
2022-10-10,"Asset 4",-0.00377186801818215
2022-10-11,"Asset 4",0.0102269653486342
2022-10-12,"Asset 4",-0.00203166904423379
2022-10-13,"Asset 4",-0.00173484049275565
2022-10-14,"Asset 4",3.62432705008983e-05
2022-10-17,"Asset 4",-0.00933712907461067
2022-10-18,"Asset 4",0.0074504727734805
2022-10-19,"Asset 4",0.0119433889970588
2022-10-20,"Asset 4",0.00415697223400771
2022-10-21,"Asset 4",-0.00595430621104894
2022-10-24,"Asset 4",-0.0387710790040276
2022-10-25,"Asset 4",-0.0249185174943936
2022-10-26,"Asset 4",4.79401530642099e-05
2022-10-27,"Asset 4",0.0096853769571653
2022-10-28,"Asset 4",0.00533570572737498
2022-10-31,"Asset 4",-0.0187904392215591
2022-11-01,"Asset 4",0.000937296832921384
2022-11-02,"Asset 4",0.0846824487572604
2022-11-03,"Asset 4",0.050600272223388
2022-11-04,"Asset 4",-0.0200219693374528
2022-11-07,"Asset 4",-0.0145597413460857
2022-11-08,"Asset 4",-0.0844781073793621
2022-11-09,"Asset 4",-0.0333910572045772
2022-11-10,"Asset 4",-0.00327275479002894
2022-11-11,"Asset 4",-0.0050004099762067
2022-11-14,"Asset 4",0.0403712682780557
2022-11-15,"Asset 4",0.00174639485799912
2022-11-16,"Asset 4",-0.00185729115486426
2022-11-17,"Asset 4",0.00199581467859516
2022-11-18,"Asset 4",-0.0014313735572264
2022-11-21,"Asset 4",0.0127497184269805
2022-11-22,"Asset 4",0.0145738927304284
2022-11-23,"Asset 4",0.0113907448822279
2022-11-24,"Asset 4",0.00902151459300283
2022-11-25,"Asset 4",0.00296807730121887
2022-11-28,"Asset 4",-0.000560709306273331
2022-11-29,"Asset 4",-0.0529173336634831
2022-11-30,"Asset 4",0.0142107954841645
2022-12-01,"Asset 4",-0.00682413245499441
2022-12-02,"Asset 4",-0.0079855108263555
2022-12-05,"Asset 4",-0.0129671880380112
2022-12-06,"Asset 4",-0.0521204350268762
2022-12-07,"Asset 4",-0.029079538115916
2022-12-08,"Asset 4",0.00407826688666809
2022-12-09,"Asset 4",-0.00334212254005526
2022-12-12,"Asset 4",0.00354704369593116
2022-12-13,"Asset 4",0.026997655641427
2022-12-14,"Asset 4",0.0051858627454895
2022-12-15,"Asset 4",0.0114145177186061
2022-12-16,"Asset 4",0.0284535701960473
2022-12-19,"Asset 4",0.00618246126470364
2022-12-20,"Asset 4",0.00531843265564627
2022-12-21,"Asset 4",0.0381763983886353
2022-12-22,"Asset 4",-0.00160453948613043
2022-12-23,"Asset 4",-0.000886808054369968
2022-12-26,"Asset 4",0.00940438862226138
2022-12-27,"Asset 4",-0.00970811486707173
2022-12-28,"Asset 4",-0.00522771300492485
2022-12-29,"Asset 4",0.00501269455249414
2022-12-30,"Asset 4",0.00490766969611077
2023-01-02,"Asset 4",0.00384795993363435
2023-01-03,"Asset 4",0.00279847807280024
2023-01-04,"Asset 4",-0.00176197241695748
2023-01-05,"Asset 4",-0.0214264857544898
2023-01-06,"Asset 4",-0.00392259892206458
2023-01-09,"Asset 4",0.0223532962558831
2023-01-10,"Asset 4",0.00429622030496339
2023-01-11,"Asset 4",-0.0150557535744203
2023-01-12,"Asset 4",-0.00631424502884336
2023-01-13,"Asset 4",-0.0162110127286043
2023-01-16,"Asset 4",0.00402098455999893
2023-01-17,"Asset 4",-0.00597175628624689
2023-01-18,"Asset 4",-0.00272929109371777
2023-01-19,"Asset 4",-0.00118972975881258
2023-01-20,"Asset 4",-0.00128385688126124
2023-01-23,"Asset 4",0.0129973965920586
2023-01-24,"Asset 4",-0.0130830650086337
2023-01-25,"Asset 4",-0.00222492854743887
2023-01-26,"Asset 4",0.0184799022886664
2023-01-27,"Asset 4",-0.00293347450900378
2023-01-30,"Asset 4",0.00209546303105257
2023-01-31,"Asset 4",0.0216947780855312
2023-02-01,"Asset 4",-0.0221546653669862
2023-02-02,"Asset 4",0.00079982983137121
2023-02-03,"Asset 4",-0.0651851200393301
2023-02-06,"Asset 4",0.0129239439361796
2023-02-07,"Asset 4",0.0384219465800675
2023-02-08,"Asset 4",-0.0476693861136337
2023-02-09,"Asset 4",-0.00561841753759137
2023-02-10,"Asset 4",0.0200569561533641
2023-02-13,"Asset 4",0.013152218606171
2023-02-14,"Asset 4",0.00373163549238112
2023-02-15,"Asset 4",-0.00952108020363519
2023-02-16,"Asset 4",0.00604920138560014
2023-02-17,"Asset 4",-0.00990975812061392
2023-02-20,"Asset 4",-0.00170044098821428
2023-02-21,"Asset 4",0.017918039532759
2023-02-22,"Asset 4",0.00776437497401572
2023-02-23,"Asset 4",-0.000100968049554851
2023-02-24,"Asset 4",-0.0107966851386216
2023-02-27,"Asset 4",0.0337062544946539
2023-02-28,"Asset 4",-0.0149888480283906
2023-03-01,"Asset 4",0.0329917849688079
2023-03-02,"Asset 4",0.010542517705276
2023-03-03,"Asset 4",-0.0457260389379817
2023-03-06,"Asset 4",0.00301927761974828
2023-03-07,"Asset 4",0.0249762427440988
2023-03-08,"Asset 4",-0.00260495646185583
2023-03-09,"Asset 4",0.00595028611066228
2023-03-10,"Asset 4",-0.0144986034661864
2023-03-13,"Asset 4",0.0159366771205083
2023-03-14,"Asset 4",-0.0186468850681138
2023-03-15,"Asset 4",0.0245546026371161
2023-03-16,"Asset 4",-0.00851576850860918
2023-03-17,"Asset 4",0.0068482072084187
2023-03-20,"Asset 4",0.0154700543047192
2023-03-21,"Asset 4",-0.000824479649058255
2023-03-22,"Asset 4",0.00302500333015141
2023-03-23,"Asset 4",0.0050594209817099
2023-03-24,"Asset 4",-0.0197158792223698
2023-03-27,"Asset 4",-0.0186507841819093
2023-03-28,"Asset 4",-0.0147941039782916
2023-03-29,"Asset 4",0.0166526050059197
2023-03-30,"Asset 4",0.0110661362092588
2023-03-31,"Asset 4",-0.0271962678035376
2023-04-03,"Asset 4",0.003581240342429
2023-04-04,"Asset 4",-0.0163495999021218
2023-04-05,"Asset 4",0.0126223049027876
2023-04-06,"Asset 4",0.0306722325388335
2023-04-07,"Asset 4",-0.0111529289287979
2023-04-10,"Asset 4",-0.0277818080577769
2023-04-11,"Asset 4",0.00220127435675031
2023-04-12,"Asset 4",0.0100946989854694
2023-04-13,"Asset 4",0.0228050569347269
2023-04-14,"Asset 4",0.00129667697941076
2023-04-17,"Asset 4",0.0100226831523934
2023-04-18,"Asset 4",0.01404946090317
2023-04-19,"Asset 4",-0.00117874870631802
2023-04-20,"Asset 4",0.008957744863866
2023-04-21,"Asset 4",-0.016977853903862
2023-04-24,"Asset 4",0.0250646512064995
2023-04-25,"Asset 4",-0.00573717598931791
2023-04-26,"Asset 4",-0.0212896798812675
2023-04-27,"Asset 4",-0.00949879058587388
2023-04-28,"Asset 4",-0.0117986179899053
2023-05-01,"Asset 4",0.000931240302306615
2023-05-02,"Asset 4",-0.0336698386295561
2023-05-03,"Asset 4",0.0120797727424962
2023-05-04,"Asset 4",0.0026155372190057
2023-05-05,"Asset 4",-0.0225238723505582
2023-05-08,"Asset 4",-0.0249822710413728
2023-05-09,"Asset 4",-0.00464128087022977
2023-05-10,"Asset 4",0.00897480600939869
2023-05-11,"Asset 4",-0.0129971672284261
2023-05-12,"Asset 4",0.0147807605886683
2023-05-15,"Asset 4",-0.0117284362641181
2023-05-16,"Asset 4",0.0113519534806029
2023-05-17,"Asset 4",0.00989984541730028
2023-05-18,"Asset 4",0.0100521535389694
2023-05-19,"Asset 4",0.0085548558532094
2023-05-22,"Asset 4",0.00819195803764138
2023-05-23,"Asset 4",-0.00835296942701327
2023-05-24,"Asset 4",-0.00640681542728312
2023-05-25,"Asset 4",-0.00613555453365889
2023-05-26,"Asset 4",0.0103419328544113
2023-05-29,"Asset 4",-0.00232090244017297
2023-05-30,"Asset 4",0.0422300798312802
2023-05-31,"Asset 4",-0.00554017325953952
2023-06-01,"Asset 4",0.0142596129500541
2023-06-02,"Asset 4",-0.0169811395632113
2023-06-05,"Asset 4",-0.0500583541931087
2023-06-06,"Asset 4",0.00192919799879325
2023-06-07,"Asset 4",-0.00974038311740759
2023-06-08,"Asset 4",0.00313402933406524
2023-06-09,"Asset 4",0.0192760896381866
2023-06-12,"Asset 4",-0.000449096151037338
2023-06-13,"Asset 4",-0.00114801389711642
2023-06-14,"Asset 4",0.0427950558901228
2023-06-15,"Asset 4",-0.00547113427497458
2023-06-16,"Asset 4",-0.0145809128677274
2023-06-19,"Asset 4",-0.000915887660377803
2023-06-20,"Asset 4",-0.0244460674436743
2023-06-21,"Asset 4",-0.01440550884419
2023-06-22,"Asset 4",0.0111975831750794
2023-06-23,"Asset 4",-0.00396461331250598
2023-06-26,"Asset 4",0.000391901940869297
2023-06-27,"Asset 4",0.0189315195700068
2023-06-28,"Asset 4",0.0019107056687671
2023-06-29,"Asset 4",-0.0058510734238897
2023-06-30,"Asset 4",-0.0220636143556797
2023-07-03,"Asset 4",0.0182660071773512
2023-07-04,"Asset 4",0.00827075702079938
2023-07-05,"Asset 4",0.00184839121153524
2023-07-06,"Asset 4",0.003974465207275
2023-07-07,"Asset 4",-0.0220463100856056
2023-07-10,"Asset 4",-0.0385904202168576
2023-07-11,"Asset 4",0.0040756257392696
2023-07-12,"Asset 4",0.00127891055708759
2023-07-13,"Asset 4",0.00602426809339147
2023-07-14,"Asset 4",0.00382832865799533
2023-07-17,"Asset 4",0.00163221980959492
2023-07-18,"Asset 4",-0.0158317943009649
2023-07-19,"Asset 4",0.00741574481770039
2023-07-20,"Asset 4",0.0203586416077561
2023-07-21,"Asset 4",-0.00785498277724829
2023-07-24,"Asset 4",0.00740756524605716
2023-07-25,"Asset 4",-0.0164803482538665
2023-07-26,"Asset 4",0.0075237122578242
2023-07-27,"Asset 4",0.00371446011891267
2023-07-28,"Asset 4",0.0173405897862132
2023-07-31,"Asset 4",0.0523063665225943
2023-08-01,"Asset 4",-0.0658257264289711
2023-08-02,"Asset 4",-0.00624233473606214
2023-08-03,"Asset 4",0.0150595946294346
2023-08-04,"Asset 4",0.0138755409844211
2023-08-07,"Asset 4",0.0130704450472559
2023-08-08,"Asset 4",0.0120361914464106
2023-08-09,"Asset 4",0.0102822580483847
2023-08-10,"Asset 4",-0.00961667935801644
2023-08-11,"Asset 4",-0.00165438165872613
2023-08-14,"Asset 4",0.0180774723216721
2023-08-15,"Asset 4",-0.00682022702230978
2023-08-16,"Asset 4",0.00175667283638697
2023-08-17,"Asset 4",0.0098618100340856
2023-08-18,"Asset 4",0.00869097636200693
2023-08-21,"Asset 4",0.00960821114721862
2023-08-22,"Asset 4",-0.000955902577752796
2023-08-23,"Asset 4",-0.00290600450005347
2023-08-24,"Asset 4",-0.00763067179605632
2023-08-25,"Asset 4",-0.00222511115294031
2023-08-28,"Asset 4",-0.00097678585987771
2023-08-29,"Asset 4",-0.0100334082425686
2023-08-30,"Asset 4",-0.00302457625227543
2023-08-31,"Asset 4",0.0184995775696316
2023-09-01,"Asset 4",-0.0128027504976339
2023-09-04,"Asset 4",0.0318240506345708
2023-09-05,"Asset 4",-0.00724017107735614
2023-09-06,"Asset 4",0.0025637533424282
2023-09-07,"Asset 4",-0.00295645521295232
2023-09-08,"Asset 4",0.0125652533329636
2023-09-11,"Asset 4",-0.02538454184991
2023-09-12,"Asset 4",0.0066042036079589
2023-09-13,"Asset 4",-0.00436122864504033
2023-09-14,"Asset 4",-0.00742670709692346
2023-09-15,"Asset 4",-0.0173256058366121
2023-09-18,"Asset 4",-0.000106460106665393
2023-09-19,"Asset 4",-0.0188338183901558
2023-09-20,"Asset 4",0.000317177259804598
2023-09-21,"Asset 4",0.000531546928431823
2023-09-22,"Asset 4",-0.0020341009914234
2023-09-25,"Asset 4",0.0121934198761208
2023-09-26,"Asset 4",0.038150702424896
2023-09-27,"Asset 4",0.01013270550328
2023-09-28,"Asset 4",-0.00041466577034434
2023-09-29,"Asset 4",0.0184833228218699
2023-10-02,"Asset 4",-0.0101482215794396
2023-10-03,"Asset 4",-0.0113660869166779
2023-10-04,"Asset 4",-0.00278766895548293
2023-10-05,"Asset 4",-0.00833896208426921
2023-10-06,"Asset 4",-0.0107464745696955
2023-10-09,"Asset 4",0.0109056961035761
2023-10-10,"Asset 4",0.0062982876420479
2023-10-11,"Asset 4",-0.0102087733092349
2023-10-12,"Asset 4",-0.00934735559539908
2023-10-13,"Asset 4",-0.0136422140673903
2023-10-16,"Asset 4",-0.0121008378954439
2023-10-17,"Asset 4",-0.0217348072215974
2023-10-18,"Asset 4",-0.00300707856114075
2023-10-19,"Asset 4",0.0338680535892667
2023-10-20,"Asset 4",-0.00228235951737685
2023-10-23,"Asset 4",-0.0023912841276956
2023-10-24,"Asset 4",0.013859003959921
2023-10-25,"Asset 4",0.0273025955340343
2023-10-26,"Asset 4",0.00549789109276245
2023-10-27,"Asset 4",0.022855783406462
2023-10-30,"Asset 4",0.00399764679844019
2023-10-31,"Asset 4",0.0281658812946024
2023-11-01,"Asset 4",-0.000184866139192253
2023-11-02,"Asset 4",-0.00658878237084881
2023-11-03,"Asset 4",0.00204062465908635
2023-11-06,"Asset 4",0.00290393885445086
2023-11-07,"Asset 4",-0.0078803764132445
2023-11-08,"Asset 4",-0.00344016292941531
2023-11-09,"Asset 4",-0.0030645333453136
2023-11-10,"Asset 4",-0.0437856883621203
2023-11-13,"Asset 4",-0.00658337452129221
2023-11-14,"Asset 4",0.020648341639981
2023-11-15,"Asset 4",0.0270822048357586
2023-11-16,"Asset 4",0.0150982056611067
2023-11-17,"Asset 4",-0.00911919536029814
2023-11-20,"Asset 4",0.00201974106273935
2023-11-21,"Asset 4",-0.0179315433405335
2023-11-22,"Asset 4",0.00252875558416381
2023-11-23,"Asset 4",0.00704173716255448
2023-11-24,"Asset 4",-0.0030462356869401
2023-11-27,"Asset 4",0.00879310604631424
2023-11-28,"Asset 4",-0.00358614796321848
2023-11-29,"Asset 4",-0.00627885994986022
2023-11-30,"Asset 4",0.0174383002765337
2023-12-01,"Asset 4",-0.00571759462778247
2023-12-04,"Asset 4",-0.0228734562417122
2023-12-05,"Asset 4",-0.000120248196084379
2023-12-06,"Asset 4",-0.0050226648983172
2023-12-07,"Asset 4",0.0228675574395438
2023-12-08,"Asset 4",0.0197185659868256
2023-12-11,"Asset 4",-0.00128082816314149
2023-12-12,"Asset 4",0.017665098349726
2023-12-13,"Asset 4",0.00647547278170865
2023-12-14,"Asset 4",-0.0209948814816352
2023-12-15,"Asset 4",0.00817849969052675
2023-12-18,"Asset 4",0.0124485785955952
2023-12-19,"Asset 4",-0.00410838645439017
2023-12-20,"Asset 4",-0.00642180314013402
2023-12-21,"Asset 4",0.00140056030458682
2023-12-22,"Asset 4",0.00330876009325837
2023-12-25,"Asset 4",-0.0107487420149403
2023-12-26,"Asset 4",-0.0166635444408459
2023-12-27,"Asset 4",0.00780760689915036
2023-12-28,"Asset 4",-0.0197426565713668
2023-12-29,"Asset 4",0.0142047977848006
2024-01-01,"Asset 4",0.00603803503813217
2024-01-02,"Asset 4",-0.00386939963397185
2024-01-03,"Asset 4",0.0160576519316825
2024-01-04,"Asset 4",0.0321616760528713
2024-01-05,"Asset 4",0.0136664887737358
2024-01-08,"Asset 4",0.00966113376259928
2024-01-09,"Asset 4",0.000641672316422662
2024-01-10,"Asset 4",-0.00887131759848667
2024-01-11,"Asset 4",-0.0071827010378371
2024-01-12,"Asset 4",0.00602250659757464
2024-01-15,"Asset 4",0.0586168760279393
2024-01-16,"Asset 4",0.0645725147650079
2024-01-17,"Asset 4",-0.0263727488662544
2024-01-18,"Asset 4",0.00533897302498231
2024-01-19,"Asset 4",0.0116125943735473
2024-01-22,"Asset 4",0.0162632158765093
2024-01-23,"Asset 4",0.0379305206042941
2024-01-24,"Asset 4",-0.00967465902674024
2024-01-25,"Asset 4",0.00114048593323691
2024-01-26,"Asset 4",0.0178968955972097
2024-01-29,"Asset 4",-0.0135603935991713
2024-01-30,"Asset 4",0.0211711573019774
2024-01-31,"Asset 4",-0.0112824190539244
2024-02-01,"Asset 4",-0.0102274010842007
2024-02-02,"Asset 4",0.00317176589082573
2024-02-05,"Asset 4",-0.00837224170864628
2024-02-06,"Asset 4",0.0141778501109676
2024-02-07,"Asset 4",0.00616977241263626
2024-02-08,"Asset 4",0.0180176953525173
2024-02-09,"Asset 4",0.00250388178946962
2024-02-12,"Asset 4",-0.00731827115482311
2024-02-13,"Asset 4",0.0109710683151219
2024-02-14,"Asset 4",0.0099459988209557
2024-02-15,"Asset 4",-0.0142448474185977
2024-02-16,"Asset 4",0.00818952777943724
2024-02-19,"Asset 4",-0.0240552622880241
2024-02-20,"Asset 4",-0.0194373074051869
2024-02-21,"Asset 4",-0.0116256750098083
2024-02-22,"Asset 4",0.00835037008451522
2024-02-23,"Asset 4",0.00989598339526657
2024-02-26,"Asset 4",-0.00792878801352944
2024-02-27,"Asset 4",0.0096310675168536
2024-02-28,"Asset 4",0.00387886010614818
2024-02-29,"Asset 4",0.00540367660225793
2024-03-01,"Asset 4",0.00515118182913036
2024-03-04,"Asset 4",-0.00426676360028326
2024-03-05,"Asset 4",0.00460880938332122
2024-03-06,"Asset 4",-0.0211755033414648
2024-03-07,"Asset 4",-0.0113822633081182
2024-03-08,"Asset 4",0.0176411326593825
2024-03-11,"Asset 4",0.00452186191108835
2024-03-12,"Asset 4",-0.0116752983330661
2024-03-13,"Asset 4",0.0119678608382322
2024-03-14,"Asset 4",-0.00577556376529137
2024-03-15,"Asset 4",-0.0126930438539775
2024-03-18,"Asset 4",0.0177108930775897
2024-03-19,"Asset 4",0.00297530095691431
2024-03-20,"Asset 4",-0.000159624518627703
2024-03-21,"Asset 4",0.0179695290067388
2024-03-22,"Asset 4",-0.0138326372921891
2024-03-25,"Asset 4",0.0098751648954346
2024-03-26,"Asset 4",-0.0395481083003888
2024-03-27,"Asset 4",0.00735247559688219
2024-03-28,"Asset 4",-0.00191704306610059
2024-03-29,"Asset 4",-0.0150038485092609
2024-04-01,"Asset 4",0.0174737030768794
2024-04-02,"Asset 4",0.00308148324842794
2024-04-03,"Asset 4",0.00544516044836194
2024-04-04,"Asset 4",-0.0081115502059135
2024-04-05,"Asset 4",-0.00814379283085896
2024-04-08,"Asset 4",-0.0152170260150887
2024-04-09,"Asset 4",-0.0187361128456636
2024-04-10,"Asset 4",0.0406911610179998
2024-04-11,"Asset 4",-0.0131231826816884
2024-04-12,"Asset 4",0.00670103793170472
2024-04-15,"Asset 4",0.0243879883665487
2024-04-16,"Asset 4",-0.000237541596531188
2024-04-17,"Asset 4",-0.00131570735452975
2024-04-18,"Asset 4",0.010526580112266
2024-04-19,"Asset 4",0.00396704189726008
2024-04-22,"Asset 4",0.00265968891579997
2024-04-23,"Asset 4",0.0155058599627102
2024-04-24,"Asset 4",-0.00858114315987664
2024-04-25,"Asset 4",-0.0284380189707606
2024-04-26,"Asset 4",-0.0548079693728264
2024-04-29,"Asset 4",-0.00776832010536424
2024-04-30,"Asset 4",-0.00260335670654151
2024-05-01,"Asset 4",-0.0055116644029834
2024-05-02,"Asset 4",-0.00124289118945189
2024-05-03,"Asset 4",-0.000725262385985111
2024-05-06,"Asset 4",0.00882168909493137
2024-05-07,"Asset 4",0.0044017624275966
2024-05-08,"Asset 4",0.00394164234112815
2024-05-09,"Asset 4",0.00814782365677875
2024-05-10,"Asset 4",0.00384441345432466
2024-05-13,"Asset 4",-0.000582659656531766
2024-05-14,"Asset 4",0.0152580509357619
2024-05-15,"Asset 4",-0.000176763628957405
2024-05-16,"Asset 4",0.00901715069108079
2024-05-17,"Asset 4",-0.00437276189320929
2024-05-20,"Asset 4",0.0088030872630452
2024-05-21,"Asset 4",-0.0453699338852968
2024-05-22,"Asset 4",0.00183940102659511
2024-05-23,"Asset 4",0.000359431741602667
2024-05-24,"Asset 4",0.0359089402710993
2024-05-27,"Asset 4",-0.0327010398134078
2024-05-28,"Asset 4",0.00659302100678332
2024-05-29,"Asset 4",0.00989989684126498
2024-05-30,"Asset 4",0.005259926373274
2024-05-31,"Asset 4",-0.00731460071634771
2024-06-03,"Asset 4",-0.014462530707625
2024-06-04,"Asset 4",-0.00380028969279003
2024-06-05,"Asset 4",-0.0112526215914643
2024-06-06,"Asset 4",-0.0151298389947789
2024-06-07,"Asset 4",-0.0179936841736161
2024-06-10,"Asset 4",-0.0131997444304173
2024-06-11,"Asset 4",0.00897221542152494
2024-06-12,"Asset 4",0.00282745639118128
2024-06-13,"Asset 4",0.00824702090059613
2024-06-14,"Asset 4",-0.00660460752585135
2024-06-17,"Asset 4",0.0088939970767223
2024-06-18,"Asset 4",0.0212356164277259
2024-06-19,"Asset 4",-0.00551703627300148
2024-06-20,"Asset 4",-0.00322632048276672
2024-06-21,"Asset 4",0.00129142533750082
2024-06-24,"Asset 4",-0.00163639554493561
2024-06-25,"Asset 4",-0.00441598791735412
2024-06-26,"Asset 4",-0.00900295680751468
2024-06-27,"Asset 4",0.0121062643880192
2024-06-28,"Asset 4",0.00605387838277225
2024-07-01,"Asset 4",0.00802179774194279
2024-07-02,"Asset 4",0.0115350433617452
2024-07-03,"Asset 4",-0.0331530281368221
2024-07-04,"Asset 4",0.00361687963613457
2024-07-05,"Asset 4",0.020553015254645
2024-07-08,"Asset 4",0.0145287102192717
2024-07-09,"Asset 4",0.0196443979508676
2024-07-10,"Asset 4",-0.0129140052064154
2024-07-11,"Asset 4",-0.000152664316466392
2024-07-12,"Asset 4",-0.00298321186727741
2024-07-15,"Asset 4",0.00291481129802461
2024-07-16,"Asset 4",-0.00136849990187497
2024-07-17,"Asset 4",0.00165656798552382
2024-07-18,"Asset 4",-0.000976533214996261
2024-07-19,"Asset 4",-0.00380772265547363
2024-07-22,"Asset 4",-0.0114818787875988
2024-07-23,"Asset 4",0.000518014757444007
2024-07-24,"Asset 4",-0.0188087876496894
2024-07-25,"Asset 4",0.00891142235351454
2024-07-26,"Asset 4",0.00447651295968893
2024-07-29,"Asset 4",-0.016784529601652
2024-07-30,"Asset 4",0.0107143815296315
2024-07-31,"Asset 4",-0.0132090682176723
2024-08-01,"Asset 4",-0.0125607360130915
2024-08-02,"Asset 4",0.00642751447358091
2024-08-05,"Asset 4",0.0152396403356743
2024-08-06,"Asset 4",-0.0394568692824182
2024-08-07,"Asset 4",-0.00163191391829854
2024-08-08,"Asset 4",-0.00931212604498643
2024-08-09,"Asset 4",0.0465928891050393
2024-08-12,"Asset 4",-0.0070594228623308
2024-08-13,"Asset 4",0.0152027187510152
2024-08-14,"Asset 4",-0.00126456087184603
2024-08-15,"Asset 4",-0.00306964765726335
2024-08-16,"Asset 4",0.0211068055724503
2024-08-19,"Asset 4",0.0281119799662123
2024-08-20,"Asset 4",-0.0275389183017593
2024-08-21,"Asset 4",0.00101578840875233
2024-08-22,"Asset 4",0.000799401842482135
2024-08-23,"Asset 4",0.0385520653208029
2024-08-26,"Asset 4",-0.000936924700367845
2024-08-27,"Asset 4",-0.0230862309571921
2024-08-28,"Asset 4",0.000910525700886295
2024-08-29,"Asset 4",0.00901293791927939
2024-08-30,"Asset 4",0.00326975295852985
2024-09-02,"Asset 4",-0.00578377333756874
2024-09-03,"Asset 4",0.0142987445477823
2024-09-04,"Asset 4",0.00482082257036487
2024-09-05,"Asset 4",0.0073751165159379
2024-09-06,"Asset 4",-0.000167887212839045
2024-09-09,"Asset 4",0.0391184976604225
2024-09-10,"Asset 4",0.00892221403231341
2024-09-11,"Asset 4",-0.0130341849992186
2024-09-12,"Asset 4",0.0128000181902082
2024-09-13,"Asset 4",-0.00892446091560529
2024-09-16,"Asset 4",0.0188345141299537
2024-09-17,"Asset 4",-0.0139343093786638
2024-09-18,"Asset 4",0.00147363597538752
2024-09-19,"Asset 4",-0.0153294286834115
2024-09-20,"Asset 4",0.000478449465196772
2024-09-23,"Asset 4",-0.00969927625732322
2024-09-24,"Asset 4",0.00431179102698917
2024-09-25,"Asset 4",-0.00117171693170828
2024-09-26,"Asset 4",0.0110396564070248
2024-09-27,"Asset 4",0.00340448513298912
2024-09-30,"Asset 4",-0.0207089307372252
2024-10-01,"Asset 4",-0.0119984368353895
2024-10-02,"Asset 4",-0.00555451932649113
2024-10-03,"Asset 4",0.0370348557565023
2024-10-04,"Asset 4",-0.00470561147144969
2024-10-07,"Asset 4",0.0188330283303685
2024-10-08,"Asset 4",-0.00607534781991319
2024-10-09,"Asset 4",-0.0856615925386781
2024-10-10,"Asset 4",-0.01282412200859
2024-10-11,"Asset 4",0.0562594061583773
2024-10-14,"Asset 4",-0.0145500343821008
2024-10-15,"Asset 4",0.0103716346796239
2024-10-16,"Asset 4",-0.00135463398969814
2024-10-17,"Asset 4",0.00345591153200259
2024-10-18,"Asset 4",0.0107424610270089
2024-10-21,"Asset 4",0.00435587358950017
2024-10-22,"Asset 4",-0.014699580805873
2024-10-23,"Asset 4",-0.0052511258071197
2024-10-24,"Asset 4",0.00511997097101984
2024-10-25,"Asset 4",0.00499920472866183
2024-10-28,"Asset 4",0.00412063892834391
2024-10-29,"Asset 4",0.00155933779853464
